Object Center X,"	Object Center Y","	X Left","	Y Top","	X Right","	Y Bottom","	Area","	Orientation","	Frame #","	Time / s","	Aspect Ratio","	Pixel Threshold","	Max Droplet Width / um","	Contact Droplet Width / um","	Volume (slices) / um3","	Volume (cap) / um3","	Volume-equivalent radius / um","	Volume-equivalent diameter / um","	Height of spherical cap / um","	Contact angle / degrees","	Surface area / um2"
85,52.5,0,0,171,106,18126,0,0,0,1.613208,144,115.022422,115.022422,740878.7793,560230.2988,56.133163,112.266326,71.300448,102.220443,26362.02542
64.904243,78.053848,27,45,104,106,3937,177.455093,1,0.016667,1.262295,144,51.793722,42.376682,64384.86438,65105.3351,24.86366,49.72732,41.03139,125.376932,6699.511563
65.091347,78.035019,27,45,104,106,3941,177.818008,2,0.033333,1.262295,144,51.793722,43.049327,64463.74368,66031.21068,24.87381,49.747619,41.03139,124.637877,6744.641673
64.947731,78.37075,27,45,104,106,3884,177.576614,3,0.05,1.262295,144,51.793722,43.049327,63315.21337,66031.21068,24.7252,49.450401,41.03139,124.637877,6744.641673
64.959572,78.371292,27,45,105,106,3908,176.690414,4,0.066667,1.278689,144,51.793722,43.049327,63969.67247,66031.21068,24.810099,49.620199,41.03139,124.637877,6744.641673
64.711678,78.333588,27,45,104,106,3888,177.527664,5,0.083333,1.262295,144,51.793722,42.376682,63384.53153,65105.3351,24.73422,49.468441,41.03139,125.376932,6699.511563
64.66375,78.314621,26,45,104,106,3884,176.646698,6,0.1,1.278689,144,51.793722,43.049327,63193.78706,66031.21068,24.709384,49.418769,41.03139,124.637877,6744.641673
64.62532,78.429314,27,45,103,106,3862,176.891495,7,0.116667,1.245902,144,51.121076,43.049327,62651.19313,66031.21068,24.638461,49.276922,41.03139,124.637877,6744.641673
64.491905,78.626106,27,46,103,106,3830,178.769958,8,0.133333,1.266667,144,51.121076,43.049327,62179.35155,63791.83552,24.576452,49.152905,40.358744,123.855026,6572.649757
64.851517,78.680588,27,46,104,106,3832,177.280441,9,0.15,1.283333,144,51.793722,43.049327,62305.08036,63791.83552,24.593006,49.186012,40.358744,123.855026,6572.649757
64.614632,78.87207,27,46,104,106,3799,178.3004,10,0.166667,1.283333,144,51.793722,43.721973,61525.60953,64716.8745,24.490018,48.980036,40.358744,123.114143,6618.490578
64.631088,78.870232,27,47,103,106,3776,177.87027,11,0.183333,1.288136,144,51.121076,43.049327,60930.19038,61609.82711,24.41076,48.821521,39.686099,123.051593,6403.500682
64.536957,78.972542,27,47,103,106,3788,178.449219,12,0.2,1.288136,144,51.121076,44.394619,61342.27493,63443.17311,24.465669,48.931337,39.686099,121.561507,6495.893034
64.433434,79.091148,27,47,103,106,3763,178.194595,13,0.216667,1.288136,144,51.121076,43.721973,60799.92003,62519.44878,24.393351,48.786702,39.686099,122.303881,6449.341503
64.590729,79.103119,27,47,103,106,3753,177.084824,14,0.233333,1.288136,144,51.121076,43.049327,60540.8135,61609.82711,24.35865,48.7173,39.686099,123.051593,6403.500682
64.523514,79.266968,27,47,103,106,3742,177.913895,15,0.25,1.288136,144,51.121076,43.721973,60486.07606,62519.44878,24.351307,48.702613,39.686099,122.303881,6449.341503
64.589333,79.272972,27,47,103,106,3711,177.600967,16,0.266667,1.288136,144,51.121076,43.049327,59664.05821,61609.82711,24.24049,48.48098,39.686099,123.051593,6403.500682
64.586807,79.390579,27,47,103,106,3715,177.848953,17,0.283333,1.288136,144,51.121076,44.394619,59897.3497,63443.17311,24.272043,48.544086,39.686099,121.561507,6495.893034
64.523346,79.553307,27,48,103,106,3705,178.873077,18,0.3,1.310345,144,51.121076,45.73991,59792.17731,63144.22855,24.257828,48.515657,39.013453,119.241748,6424.821994
64.586624,79.507309,27,48,103,106,3694,178.082581,19,0.316667,1.310345,144,51.121076,43.721973,59482.15778,60378.43371,24.215831,48.431661,39.013453,121.472271,6283.03527
64.374588,79.77787,27,49,103,106,3660,178.561539,20,0.333333,1.333333,144,50.448431,44.394619,58942.91025,59185.28481,24.14243,48.284861,38.340807,119.862834,6166.12341
64.442642,79.872627,27,48,103,106,3635,178.17244,21,0.35,1.310345,144,51.121076,44.394619,58319.76384,61286.50169,24.057051,48.114101,39.013453,120.723233,6329.586801
64.398613,79.977837,27,49,103,106,3610,178.030289,22,0.366667,1.333333,144,51.121076,43.721973,57742.51083,58292.87317,23.977415,47.954829,38.340807,120.618547,6119.571879
64.375107,79.991959,27,49,103,106,3607,177.535522,23,0.383333,1.333333,144,51.121076,43.721973,57687.29532,58292.87317,23.969769,47.939539,38.340807,120.618547,6119.571879
64.396278,80.035545,27,49,103,106,3601,177.869431,24,0.4,1.333333,144,51.121076,44.394619,57551.04927,59185.28481,23.950884,47.901768,38.340807,119.862834,6166.12341
64.306015,80.077202,27,49,102,106,3575,178.13913,25,0.416667,1.315789,144,50.448431,43.721973,56892.76572,58292.87317,23.859215,47.718429,38.340807,120.618547,6119.571879
64.304054,80.105171,27,49,103,106,3575,178.558853,26,0.433333,1.333333,144,51.121076,44.394619,56905.67324,59185.28481,23.861019,47.722038,38.340807,119.862834,6166.12341
64.283226,80.197525,27,49,102,106,3559,178.853043,27,0.45,1.315789,144,50.448431,44.394619,56556.21407,59185.28481,23.812075,47.62415,38.340807,119.862834,6166.12341
64.253403,80.406746,27,49,102,106,3528,179.309235,28,0.466667,1.315789,144,50.448431,45.067265,55938.80433,60091.32105,23.725108,47.450215,38.340807,119.112849,6213.385651
64.244965,80.212318,27,49,102,106,3523,178.546005,29,0.483333,1.315789,144,49.775785,43.049327,55562.81303,57414.08613,23.671832,47.343664,38.340807,121.379986,6073.731058
64.006599,80.474167,27,49,102,106,3484,179.101196,30,0.5,1.315789,144,49.775785,44.394619,54722.62905,59185.28481,23.551909,47.103818,38.340807,119.862834,6166.12341
64.060074,80.306412,28,49,102,106,3479,179.094574,31,0.516667,1.298246,144,49.775785,43.049327,54428.86344,57414.08613,23.509689,47.019378,38.340807,121.379986,6073.731058
63.979214,80.436775,28,49,102,106,3464,178.857101,32,0.533333,1.298246,144,49.775785,43.049327,54148.96146,57414.08613,23.46932,46.93864,38.340807,121.379986,6073.731058
63.954624,80.563873,27,50,102,106,3460,177.96933,33,0.55,1.339286,144,49.775785,43.049327,54252.22163,55398.44133,23.484229,46.968458,37.668161,120.510237,5913.110508
63.922741,80.617485,28,50,101,106,3443,178.184891,34,0.566667,1.303571,144,49.103139,43.049327,53837.50777,55398.44133,23.424237,46.848473,37.668161,120.510237,5913.110508
63.673237,80.689705,28,50,101,106,3400,178.601227,35,0.583333,1.303571,144,49.103139,43.049327,52760.20785,55398.44133,23.266941,46.533883,37.668161,120.510237,5913.110508
63.678341,80.710121,28,50,101,106,3398,178.759933,36,0.6,1.303571,144,49.103139,43.049327,52712.40221,55398.44133,23.259912,46.519824,37.668161,120.510237,5913.110508
63.50222,80.736748,28,51,100,106,3377,177.945175,37,0.616667,1.309091,144,48.430493,42.376682,52129.41253,52601.53299,23.173844,46.347687,36.995516,120.398113,5710.20269
63.411903,80.841965,28,50,100,106,3360,178.661743,38,0.633333,1.285714,144,48.430493,42.376682,51818.43689,54548.45719,23.127671,46.255342,37.668161,121.284493,5867.980398
63.464199,80.806084,27,51,100,106,3352,177.505264,39,0.65,1.327273,144,49.103139,41.704036,51544.51062,51779.87368,23.086846,46.173692,36.995516,121.185622,5665.78329
63.360645,80.950958,28,51,100,106,3344,177.821869,40,0.666667,1.309091,144,48.430493,43.049327,51493.3586,53436.33884,23.079206,46.158413,36.995516,119.616754,5755.3328
63.32172,80.963356,28,51,100,106,3329,177.941833,41,0.683333,1.309091,144,48.430493,42.376682,51137.44566,52601.53299,23.02591,46.05182,36.995516,120.398113,5710.20269
63.220886,81.011734,27,51,100,106,3323,178.038269,42,0.7,1.327273,144,48.430493,42.376682,50982.07736,52601.53299,23.002567,46.005134,36.995516,120.398113,5710.20269
63.283478,81.075233,28,51,100,106,3323,177.990005,43,0.716667,1.309091,144,48.430493,43.049327,51063.82499,53436.33884,23.014855,46.02971,36.995516,119.616754,5755.3328
63.171879,81.060738,28,51,100,106,3293,177.533936,44,0.733333,1.309091,144,48.430493,42.376682,50276.94429,52601.53299,22.896025,45.79205,36.995516,120.398113,5710.20269
63.022282,81.235657,28,51,100,106,3276,177.74968,45,0.75,1.309091,144,47.757848,42.376682,49990.34952,52601.53299,22.852437,45.704874,36.995516,120.398113,5710.20269
62.960026,81.236801,28,51,100,106,3277,178.521881,46,0.766667,1.309091,144,48.430493,43.049327,50038.39418,53436.33884,22.859756,45.719511,36.995516,119.616754,5755.3328
62.896954,81.306984,28,52,100,106,3251,177.570724,47,0.783333,1.333333,144,48.430493,41.704036,49419.7893,49900.47493,22.765163,45.530326,36.32287,120.281968,5510.848423
62.783844,81.401787,28,52,100,106,3243,178.440445,48,0.8,1.333333,144,48.430493,42.376682,49225.22038,50707.19497,22.735248,45.470495,36.32287,119.487126,5555.267823
62.652878,81.289581,28,52,99,106,3215,178.653625,49,0.816667,1.314815,144,47.757848,41.03139,48392.44627,49106.66241,22.606309,45.212618,36.32287,121.08319,5467.139734
62.593563,81.39019,27,52,99,106,3201,178.685135,50,0.833333,1.333333,144,48.430493,41.03139,48154.85228,49106.66241,22.569251,45.138502,36.32287,121.08319,5467.139734
62.651047,81.31459,28,52,99,106,3201,178.176865,51,0.85,1.314815,144,47.757848,40.358744,48068.80214,48325.75741,22.5558,45.111599,36.32287,121.890792,5424.141754
62.576729,81.533966,28,52,99,106,3180,178.302795,52,0.866667,1.314815,144,47.757848,41.03139,47771.21208,49106.66241,22.509156,45.018313,36.32287,121.08319,5467.139734
62.516384,81.417458,28,52,99,106,3174,178.126328,53,0.883333,1.314815,144,47.757848,39.686099,47453.78268,47557.75993,22.459189,44.918379,36.32287,122.704767,5381.854486
62.189934,81.507759,28,52,98,106,3159,179.824326,54,0.9,1.296296,144,47.085202,41.03139,47096.43558,49106.66241,22.402671,44.805343,36.32287,121.08319,5467.139734
62.156082,81.666771,28,53,98,106,3133,179.519974,55,0.916667,1.320755,144,47.085202,41.704036,46558.14416,48072.70626,22.316993,44.633987,35.650224,119.352786,5358.756398
62.23954,81.551582,28,52,98,106,3131,178.956787,56,0.933333,1.296296,144,47.085202,40.358744,46376.48276,48325.75741,22.28793,44.57586,36.32287,121.890792,5424.141754
61.975296,81.726982,28,53,98,106,3117,179.322922,57,0.95,1.320755,144,47.085202,41.03139,46259.35896,47293.59397,22.269151,44.538303,35.650224,120.161583,5315.047708
61.960861,81.721848,28,53,98,106,3117,179.289917,58,0.966667,1.320755,144,47.085202,41.03139,46172.35271,47293.59397,22.255181,44.510362,35.650224,120.161583,5315.047708
61.919312,81.760208,28,53,98,106,3086,179.112701,59,0.983333,1.320755,144,47.085202,41.03139,45462.6781,47293.59397,22.14057,44.28114,35.650224,120.161583,5315.047708
61.844097,81.823875,28,53,97,106,3066,179.050232,60,1,1.301887,144,46.412556,39.686099,45070.19386,45773.37487,22.076672,44.153344,35.650224,121.799045,5229.762461
61.984573,81.776833,28,53,97,106,3047,178.152115,61,1.016667,1.301887,144,46.412556,38.340807,44529.75119,44303.82974,21.988076,43.976151,35.650224,123.462974,5147.320055
61.81501,81.941078,28,53,97,106,3038,178.833099,62,1.033333,1.301887,144,46.412556,39.013453,44510.38991,45032.26806,21.984888,43.969777,35.650224,122.627705,5188.185902
61.687027,81.925781,28,53,97,106,3045,179.981033,63,1.05,1.301887,144,46.412556,41.03139,44589.50823,47293.59397,21.997907,43.995814,35.650224,120.161583,5315.047708
61.771088,81.959641,28,54,97,106,3023,179.002197,64,1.066667,1.326923,144,46.412556,39.013453,44128.66194,43312.54012,21.921859,43.843718,34.977578,121.703856,5038.936719
61.672871,82.022942,28,54,97,106,3008,178.834503,65,1.083333,1.326923,144,46.412556,38.340807,43826.76937,42597.84592,21.871754,43.743508,34.977578,122.547739,4998.070871
61.483387,82.089371,28,54,96,106,3010,0.069363,66,1.1,1.307692,144,45.73991,39.686099,43851.15024,44039.66379,21.875809,43.751618,34.977578,120.866849,5080.513277
61.492985,82.190384,28,54,96,106,2994,179.303619,67,1.116667,1.307692,144,45.73991,41.03139,43470.61741,45531.19951,21.812347,43.624694,34.977578,119.213475,5165.798525
61.633991,82.102707,28,54,97,106,2989,178.68187,68,1.133333,1.326923,144,46.412556,39.013453,43311.66368,43312.54012,21.785728,43.571457,34.977578,121.703856,5038.936719
61.488224,82.179001,28,54,96,106,2972,178.429764,69,1.15,1.307692,144,45.73991,39.013453,42883.08619,43312.54012,21.713632,43.427264,34.977578,121.703856,5038.936719
61.460316,82.303955,28,54,96,106,2961,179.426514,70,1.166667,1.307692,144,45.73991,41.03139,42684.93185,45531.19951,21.680136,43.360271,34.977578,119.213475,5165.798525
61.519661,82.232201,28,54,96,106,2950,178.446426,71,1.183333,1.307692,144,45.73991,38.340807,42382.08317,42597.84592,21.62874,43.257481,34.977578,122.547739,4998.070871
61.553505,82.468376,28,55,96,106,2925,178.406784,72,1.2,1.333333,144,45.73991,38.340807,42154.28933,40941.57996,21.589921,43.179842,34.304933,121.605028,4851.664529
61.483406,82.448853,28,54,96,106,2923,178.853165,73,1.216667,1.307692,144,45.73991,39.013453,42000.35519,43312.54012,21.563609,43.127218,34.977578,121.703856,5038.936719
61.503967,82.403587,28,54,96,106,2899,177.711945,74,1.233333,1.307692,144,45.067265,37.668161,41336.81302,41895.58118,21.449448,42.898897,34.977578,123.398488,4957.915734
61.466965,82.496025,28,55,96,106,2891,177.962204,75,1.25,1.333333,144,45.067265,37.668161,41213.95255,40252.82031,21.428177,42.856353,34.304933,122.464701,4811.509392
61.435143,82.473541,28,55,95,106,2891,177.76152,76,1.266667,1.313725,144,45.067265,39.013453,41178.57638,41642.53004,21.422044,42.844088,34.304933,120.752502,4892.530377
61.350677,82.603539,28,55,95,106,2883,178.551376,77,1.283333,1.313725,144,45.067265,38.340807,41074.83816,40941.57996,21.40404,42.80808,34.304933,121.605028,4851.664529
61.391212,82.561714,28,55,95,106,2868,177.088989,78,1.3,1.313725,144,45.067265,37.668161,40658.21207,40252.82031,21.331426,42.662852,34.304933,122.464701,4811.509392
61.360252,82.680832,28,55,95,106,2848,177.227173,79,1.316667,1.313725,144,45.067265,37.668161,40289.63065,40252.82031,21.266771,42.533542,34.304933,122.464701,4811.509392
61.343784,82.748856,28,55,95,106,2839,177.000397,80,1.333333,1.313725,144,45.067265,38.340807,40144.0625,40941.57996,21.241128,42.482255,34.304933,121.605028,4851.664529
61.390125,82.716751,28,55,95,106,2835,176.969437,81,1.35,1.313725,144,45.067265,37.668161,40003.51394,40252.82031,21.21631,42.432619,34.304933,122.464701,4811.509392
61.349857,82.767708,28,55,95,106,2824,176.819458,82,1.366667,1.313725,144,45.067265,37.668161,39768.0712,40252.82031,21.174604,42.349209,34.304933,122.464701,4811.509392
61.425571,82.849716,28,55,95,106,2808,176.272858,83,1.383333,1.313725,144,44.394619,37.668161,39497.96938,40252.82031,21.126557,42.253113,34.304933,122.464701,4811.509392
61.349201,82.786858,28,55,95,106,2815,176.609344,84,1.4,1.313725,144,44.394619,37.668161,39538.36514,40252.82031,21.133757,42.267513,34.304933,122.464701,4811.509392
61.326031,82.939674,29,55,95,106,2785,176.219818,85,1.416667,1.294118,144,44.394619,37.668161,38943.18502,40252.82031,21.027176,42.054352,34.304933,122.464701,4811.509392
61.351887,82.948296,29,55,95,106,2785,176.553009,86,1.433333,1.294118,144,44.394619,36.995516,39028.7571,39576.2511,21.042566,42.085133,34.304933,123.331515,4772.064965
61.353218,83.110992,29,55,95,106,2766,176.950653,87,1.45,1.294118,144,44.394619,38.340807,38622.64826,40941.57996,20.969326,41.938653,34.304933,121.605028,4851.664529
61.277035,83.077759,28,55,95,106,2765,175.838364,88,1.466667,1.313725,144,44.394619,37.668161,38555.48134,40252.82031,20.957164,41.914327,34.304933,122.464701,4811.509392
61.188843,83.111191,29,56,95,106,2743,176.882996,89,1.483333,1.32,144,44.394619,36.995516,38046.82942,37995.51804,20.864595,41.72919,33.632287,122.378413,4628.501464
61.236557,83.175507,29,56,95,106,2752,175.94458,90,1.5,1.32,144,44.394619,37.668161,38374.05897,38658.82118,20.924241,41.848482,33.632287,121.502347,4667.945891
61.234715,83.185593,29,56,95,106,2748,175.797958,91,1.516667,1.32,144,44.394619,37.668161,38275.10131,38658.82118,20.906239,41.812478,33.632287,121.502347,4667.945891
60.893002,83.116623,29,56,94,106,2701,177.49379,92,1.533333,1.3,144,43.721973,36.995516,36971.20269,37995.51804,20.66609,41.332181,33.632287,122.378413,4628.501464
61.102753,83.195961,29,56,95,106,2725,176.305756,93,1.55,1.32,144,43.721973,36.995516,37658.16963,37995.51804,20.793305,41.586611,33.632287,122.378413,4628.501464
61.042301,83.342857,29,56,95,106,2695,176.20578,94,1.566667,1.32,144,44.394619,36.995516,37048.16976,37995.51804,20.680421,41.360843,33.632287,122.378413,4628.501464
60.76358,83.2323,29,56,93,106,2669,177.495468,95,1.583333,1.28,144,43.049327,36.995516,36338.73418,37995.51804,20.547567,41.095133,33.632287,122.378413,4628.501464
60.696957,83.333832,29,56,93,106,2663,177.80925,96,1.6,1.28,144,43.049327,36.995516,36302.87996,37995.51804,20.540806,41.081613,33.632287,122.378413,4628.501464
60.635815,83.44503,29,57,94,106,2647,177.268723,97,1.616667,1.326531,144,43.721973,36.32287,36059.54929,35824.2659,20.49481,40.98962,32.959641,122.288678,4449.047089
60.682438,83.376228,29,57,93,106,2642,177.782364,98,1.633333,1.306122,144,43.049327,36.32287,35815.50154,35824.2659,20.44847,40.896939,32.959641,122.288678,4449.047089
60.612549,83.468445,29,57,93,106,2630,177.112015,99,1.65,1.306122,144,43.049327,36.32287,35674.95298,35824.2659,20.421686,40.843373,32.959641,122.288678,4449.047089
60.649544,83.480591,29,57,93,106,2628,176.896423,100,1.666667,1.306122,144,43.049327,36.32287,35594.63952,35824.2659,20.40635,40.8127,32.959641,122.288678,4449.047089
60.63242,83.490486,29,57,93,106,2628,177.302612,101,1.683333,1.306122,144,43.049327,36.32287,35614.71788,35824.2659,20.410186,40.820372,32.959641,122.288678,4449.047089
60.657207,83.590874,29,57,93,106,2608,177.21907,102,1.7,1.306122,144,43.049327,36.32287,35213.62863,35824.2659,20.333278,40.666555,32.959641,122.288678,4449.047089
60.711655,83.534126,29,57,93,106,2608,177.712952,103,1.716667,1.306122,144,43.049327,36.32287,35138.57379,35824.2659,20.318821,40.637642,32.959641,122.288678,4449.047089
60.523167,83.592667,29,57,92,106,2590,177.32988,104,1.733333,1.285714,144,42.376682,35.650224,34781.94377,35197.65358,20.249847,40.499694,32.959641,123.189507,4411.024083
60.537029,83.654907,29,57,92,106,2579,177.182022,105,1.75,1.285714,144,42.376682,36.32287,34541.24241,35824.2659,20.203027,40.406054,32.959641,122.288678,4449.047089
60.452744,83.569038,29,57,92,106,2571,177.968811,106,1.766667,1.285714,144,42.376682,35.650224,34281.65783,35197.65358,20.15229,40.30458,32.959641,123.189507,4411.024083
60.422386,83.684479,29,57,92,106,2564,177.93811,107,1.783333,1.285714,144,42.376682,35.650224,34230.26678,35197.65358,20.142215,40.28443,32.959641,123.189507,4411.024083
60.428852,83.627052,29,57,92,106,2558,176.658127,108,1.8,1.285714,144,42.376682,35.650224,33970.68219,35197.65358,20.09117,40.182339,32.959641,123.189507,4411.024083
60.450844,83.831573,29,58,92,106,2553,176.507904,109,1.816667,1.3125,144,42.376682,35.650224,34118.64062,33737.39071,20.120296,40.240592,32.286996,122.195286,4273.146266
60.236313,83.684128,29,57,92,106,2539,177.056229,110,1.833333,1.285714,144,42.376682,35.650224,33623.37428,35197.65358,20.022466,40.044932,32.959641,123.189507,4411.024083
60.344242,83.777603,29,57,92,106,2536,176.64563,111,1.85,1.285714,144,42.376682,35.650224,33647.99418,35197.65358,20.027352,40.054703,32.959641,123.189507,4411.024083
60.15089,83.778221,29,58,92,106,2525,177.614609,112,1.866667,1.3125,144,42.376682,35.650224,33349.92606,33737.39071,19.968039,39.936079,32.286996,122.195286,4273.146266
60.157143,83.73333,29,58,92,106,2520,177.79985,113,1.883333,1.3125,144,42.376682,35.650224,33189.06011,33737.39071,19.935882,39.871763,32.286996,122.195286,4273.146266
60.080078,83.829086,29,58,92,106,2510,177.676224,114,1.9,1.3125,144,42.376682,35.650224,33076.23882,33737.39071,19.913266,39.826533,32.286996,122.195286,4273.146266
60.039856,83.771225,29,58,92,106,2509,177.7164,115,1.916667,1.3125,144,42.376682,35.650224,32912.02647,33737.39071,19.880257,39.760515,32.286996,122.195286,4273.146266
60.040867,83.832932,29,58,92,106,2496,177.253204,116,1.933333,1.3125,144,41.704036,35.650224,32680.40818,33737.39071,19.833512,39.667024,32.286996,122.195286,4273.146266
59.992752,83.948067,29,58,92,106,2484,177.125671,117,1.95,1.3125,144,42.376682,35.650224,32534.601,33737.39071,19.803971,39.607943,32.286996,122.195286,4273.146266
60.020081,83.836143,30,58,92,106,2490,177.279999,118,1.966667,1.291667,144,41.704036,35.650224,32523.60571,33737.39071,19.80174,39.603481,32.286996,122.195286,4273.146266
59.940437,84.013374,29,58,92,106,2468,176.909988,119,1.983333,1.3125,144,42.376682,35.650224,32223.38634,33737.39071,19.740623,39.481246,32.286996,122.195286,4273.146266
59.880825,83.976486,29,58,91,106,2467,177.039474,120,2,1.291667,144,41.704036,35.650224,32139.48745,33737.39071,19.723476,39.446951,32.286996,122.195286,4273.146266
59.908203,84.020309,29,58,91,106,2462,176.756485,121,2.016667,1.291667,144,41.704036,35.650224,32047.93967,33737.39071,19.704731,39.409461,32.286996,122.195286,4273.146266
59.834015,84.094032,29,58,91,106,2446,177.393463,122,2.033333,1.291667,144,41.704036,34.977578,31795.52593,33135.03974,19.652862,39.305724,32.286996,123.114143,4235.83397
60.032192,84.034233,30,58,91,106,2454,177.49736,123,2.05,1.270833,144,41.03139,35.650224,31926.99142,33737.39071,19.679911,39.359822,32.286996,122.195286,4273.146266
59.821354,84.168381,30,58,91,106,2435,177.066437,124,2.066667,1.270833,144,41.03139,34.977578,31620.79635,33135.03974,19.616795,39.233591,32.286996,123.114143,4235.83397
59.874077,84.166939,30,58,91,106,2438,176.798523,125,2.083333,1.270833,144,41.03139,35.650224,31670.27518,33737.39071,19.627022,39.254044,32.286996,122.195286,4273.146266
59.913418,84.130486,30,58,91,106,2437,176.297867,126,2.1,1.270833,144,41.03139,35.650224,31594.9813,33737.39071,19.611456,39.222911,32.286996,122.195286,4273.146266
59.915806,84.26207,30,58,91,106,2423,176.570572,127,2.116667,1.270833,144,41.03139,35.650224,31403.28072,33737.39071,19.571711,39.143423,32.286996,122.195286,4273.146266
60.00288,84.193085,30,58,91,106,2429,177.034882,128,2.133333,1.270833,144,41.03139,35.650224,31474.98917,33737.39071,19.586597,39.173195,32.286996,122.195286,4273.146266
59.99297,84.275848,30,58,91,106,2418,176.907852,129,2.15,1.270833,144,41.03139,35.650224,31300.25958,33737.39071,19.550286,39.100572,32.286996,122.195286,4273.146266
59.962273,84.264923,30,58,91,106,2412,177.106552,130,2.166667,1.270833,144,41.03139,34.977578,31151.10601,33135.03974,19.519182,39.038365,32.286996,123.114143,4235.83397
59.951927,84.30294,30,58,91,106,2413,176.625854,131,2.183333,1.270833,144,41.03139,35.650224,31179.55036,33737.39071,19.525122,39.050243,32.286996,122.195286,4273.146266
59.841164,84.291473,30,58,91,106,2405,176.881607,132,2.2,1.270833,144,41.03139,34.977578,30983.54727,33135.03974,19.484122,38.968244,32.286996,123.114143,4235.83397
59.935684,84.236511,30,58,91,106,2410,176.87883,133,2.216667,1.270833,144,41.03139,34.977578,31072.70477,33135.03974,19.502793,39.005586,32.286996,123.114143,4235.83397
59.777222,84.251984,30,58,91,106,2397,177.600693,134,2.233333,1.270833,144,41.03139,34.304933,30816.70561,32544.16213,19.449086,38.898172,32.286996,124.041051,4199.232384
59.753231,84.280113,30,58,91,106,2399,176.811127,135,2.25,1.270833,144,41.03139,34.977578,30812.88116,33135.03974,19.448282,38.896563,32.286996,123.114143,4235.83397
59.807995,84.275719,30,58,91,106,2401,176.845871,136,2.266667,1.270833,144,41.03139,34.304933,30891.2824,32544.16213,19.464763,38.929525,32.286996,124.041051,4199.232384
59.664848,84.290268,30,58,91,106,2384,177.39621,137,2.283333,1.270833,144,41.03139,34.304933,30505.72998,32544.16213,19.383444,38.766887,32.286996,124.041051,4199.232384
59.872803,84.352303,30,59,91,106,2390,177.138153,138,2.3,1.297872,144,41.03139,34.304933,30725.15783,31154.65159,19.429808,38.859616,31.61435,123.035629,4064.197409
59.602104,84.321686,30,59,91,106,2375,177.398666,139,2.316667,1.297872,144,41.03139,34.304933,30340.08346,31154.65159,19.348296,38.696592,31.61435,123.035629,4064.197409
59.628681,84.288475,30,59,91,106,2378,177.500275,140,2.333333,1.297872,144,41.03139,34.304933,30369.96198,31154.65159,19.354645,38.70929,31.61435,123.035629,4064.197409
59.671604,84.388489,30,59,91,106,2363,177.335983,141,2.35,1.297872,144,41.03139,34.304933,30077.15248,31154.65159,19.292242,38.584484,31.61435,123.035629,4064.197409
59.574333,84.340958,30,59,91,106,2361,178.335129,142,2.366667,1.297872,144,41.03139,34.304933,30000.66347,31154.65159,19.275874,38.551748,31.61435,123.035629,4064.197409
59.599407,84.246094,30,58,91,106,2369,178.752411,143,2.383333,1.270833,144,41.03139,33.632287,30102.48947,31964.75787,19.297658,38.595316,32.286996,124.975995,4163.341509
59.51442,84.407127,30,59,91,106,2358,177.096283,144,2.4,1.297872,144,41.03139,34.304933,30009.98557,31154.65159,19.277871,38.555741,31.61435,123.035629,4064.197409
59.427902,84.354744,30,59,90,106,2351,178.096237,145,2.416667,1.276596,144,40.358744,34.304933,29759.24503,31154.65159,19.22403,38.44806,31.61435,123.035629,4064.197409
59.357719,84.335602,30,59,90,106,2351,177.430862,146,2.433333,1.276596,144,40.358744,34.304933,29763.54754,31154.65159,19.224956,38.449913,31.61435,123.035629,4064.197409
59.332191,84.372429,30,59,89,106,2336,178.109711,147,2.45,1.255319,144,39.686099,33.632287,29420.54213,30587.31826,19.150819,38.301638,31.61435,123.981647,4028.306534
59.276878,84.322952,30,59,89,106,2344,178.259445,148,2.466667,1.255319,144,39.686099,33.632287,29582.12516,30587.31826,19.185815,38.37163,31.61435,123.981647,4028.306534
59.277252,84.449356,30,59,89,106,2330,177.751236,149,2.483333,1.255319,144,39.686099,34.304933,29316.80391,31154.65159,19.128284,38.256567,31.61435,123.035629,4064.197409
59.32576,84.372055,30,59,89,106,2333,177.939987,150,2.5,1.255319,144,39.686099,33.632287,29324.21378,30587.31826,19.129895,38.25979,31.61435,123.981647,4028.306534
59.225697,84.373016,30,59,89,106,2335,177.443985,151,2.516667,1.255319,144,39.686099,33.632287,29425.56172,30587.31826,19.151908,38.303816,31.61435,123.981647,4028.306534
59.240566,84.370071,30,59,89,106,2332,178.124344,152,2.533333,1.255319,144,39.686099,33.632287,29304.8525,30587.31826,19.125684,38.251368,31.61435,123.981647,4028.306534
59.251286,84.349487,30,59,89,106,2332,178.059433,153,2.55,1.255319,144,39.686099,33.632287,29284.29608,30587.31826,19.121211,38.242422,31.61435,123.981647,4028.306534
59.191238,84.572853,30,60,89,106,2306,178.30658,154,2.566667,1.282609,144,39.686099,34.304933,28947.74443,29810.07835,19.047678,38.095356,30.941704,121.996601,3932.005275
59.216774,84.375053,30,59,89,106,2325,177.459503,155,2.583333,1.255319,144,39.686099,33.632287,29148.76711,30587.31826,19.091667,38.183335,31.61435,123.981647,4028.306534
59.278759,84.467468,30,59,89,106,2321,178.262619,156,2.6,1.255319,144,39.686099,33.632287,29118.1715,30587.31826,19.084985,38.169971,31.61435,123.981647,4028.306534
59.118183,84.552383,30,59,89,106,2310,178.092239,157,2.616667,1.255319,144,39.686099,33.632287,29016.10648,30587.31826,19.06266,38.125321,31.61435,123.981647,4028.306534
59.151188,84.504532,30,60,89,106,2315,177.539597,158,2.633333,1.282609,144,39.686099,33.632287,29130.60097,29254.81594,19.0877,38.175401,30.941704,122.953763,3896.1144
59.191452,84.57872,30,60,89,106,2293,178.086334,159,2.65,1.282609,144,39.686099,33.632287,28651.58853,29254.81594,18.982498,37.964996,30.941704,122.953763,3896.1144
59.285839,84.509308,30,59,89,106,2309,178.402313,160,2.666667,1.255319,144,39.686099,33.632287,29000.56965,30587.31826,19.059257,38.118515,31.61435,123.981647,4028.306534
59.127289,84.594162,30,60,89,106,2294,177.859283,161,2.683333,1.282609,144,39.686099,33.632287,28680.03289,29254.81594,18.988778,37.977556,30.941704,122.953763,3896.1144
59.136719,84.534721,30,59,89,106,2304,178.044662,162,2.7,1.255319,144,39.686099,33.632287,28867.43096,30587.31826,19.030046,38.060092,31.61435,123.981647,4028.306534
59.195301,84.535019,30,59,89,106,2299,178.19281,163,2.716667,1.255319,144,39.686099,33.632287,28733.81422,30587.31826,19.00064,38.001279,31.61435,123.981647,4028.306534
59.084278,84.610481,30,60,89,106,2290,178.41539,164,2.733333,1.282609,144,39.686099,32.959641,28620.7539,28710.54881,18.975686,37.951372,30.941704,123.919694,3860.934235
59.001743,84.5,30,60,89,106,2292,178.804108,165,2.75,1.282609,144,39.686099,32.959641,28587.28996,28710.54881,18.968288,37.936575,30.941704,123.919694,3860.934235
59.000874,84.534119,30,60,89,106,2286,177.822433,166,2.766667,1.282609,144,39.686099,32.959641,28449.60974,28710.54881,18.937787,37.875575,30.941704,123.919694,3860.934235
58.756767,84.459389,30,59,89,106,2290,178.042343,167,2.783333,1.255319,144,39.686099,32.959641,28477.81506,30031.21924,18.944044,37.888087,31.61435,124.936047,3993.126369
58.771152,84.428757,30,59,89,106,2281,177.496124,168,2.8,1.255319,144,39.686099,32.959641,28248.109,30031.21924,18.892971,37.785942,31.61435,124.936047,3993.126369
58.709179,84.541039,30,60,89,106,2266,178.524338,169,2.816667,1.282609,144,39.686099,32.959641,27979.68037,28710.54881,18.832937,37.665873,30.941704,123.919694,3860.934235
58.750217,84.438431,30,59,89,106,2290,177.667358,170,2.833333,1.255319,144,39.686099,32.959641,28450.08779,30031.21924,18.937893,37.875787,31.61435,124.936047,3993.126369
58.843613,84.61013,30,60,89,106,2270,177.922928,171,2.85,1.282609,144,39.686099,32.286996,28129.79006,28177.27699,18.866556,37.733112,30.941704,124.894377,3826.464781
58.682659,84.524651,30,60,88,106,2272,177.752472,172,2.866667,1.26087,144,39.013453,32.286996,28135.04868,28177.27699,18.867731,37.735463,30.941704,124.894377,3826.464781
58.691597,84.499779,30,60,89,106,2273,178.131348,173,2.883333,1.282609,144,39.686099,32.959641,28125.72658,28710.54881,18.865647,37.731295,30.941704,123.919694,3860.934235
58.604324,84.574326,30,60,89,106,2267,178.350449,174,2.9,1.282609,144,39.686099,32.286996,28077.92095,28177.27699,18.854953,37.709905,30.941704,124.894377,3826.464781
58.65464,84.449623,30,59,88,106,2273,177.92598,175,2.916667,1.234043,144,39.013453,32.959641,28072.66233,30031.21924,18.853775,37.707551,31.61435,124.936047,3993.126369
58.656803,84.578178,30,60,89,106,2264,178.662796,176,2.933333,1.282609,144,39.686099,32.959641,27966.77285,28710.54881,18.83004,37.660081,30.941704,123.919694,3860.934235
58.636444,84.512161,30,60,88,106,2261,178.338577,177,2.95,1.26087,144,39.013453,32.286996,27838.41473,28177.27699,18.801188,37.602376,30.941704,124.894377,3826.464781
58.741577,84.555855,30,60,88,106,2256,178.757874,178,2.966667,1.26087,144,39.013453,32.959641,27758.3403,28710.54881,18.783144,37.566289,30.941704,123.919694,3860.934235
58.570217,84.671867,30,60,88,106,2243,178.175903,179,2.983333,1.26087,144,39.013453,32.286996,27583.61071,28177.27699,18.74365,37.4873,30.941704,124.894377,3826.464781
58.566254,84.462898,30,59,88,106,2264,178.074722,180,3,1.234043,144,39.013453,32.286996,27887.4155,29486.35455,18.812213,37.624426,31.61435,125.898806,3958.656915
58.487762,84.637291,30,60,88,106,2247,177.684967,181,3.016667,1.26087,144,39.013453,32.959641,27638.58719,28710.54881,18.756094,37.512189,30.941704,123.919694,3860.934235
58.53289,84.573334,30,60,88,106,2250,178.213516,182,3.033333,1.26087,144,39.013453,32.286996,27605.84033,28177.27699,18.748684,37.497368,30.941704,124.894377,3826.464781
58.524422,84.610565,30,60,88,106,2252,177.242813,183,3.05,1.26087,144,39.013453,32.959641,27719.61774,28710.54881,18.774406,37.548812,30.941704,123.919694,3860.934235
58.439426,84.663834,30,60,88,106,2237,178.664398,184,3.066667,1.26087,144,39.013453,32.286996,27445.45244,28177.27699,18.712304,37.424608,30.941704,124.894377,3826.464781
58.459484,84.532501,30,60,88,106,2246,177.654266,185,3.083333,1.26087,144,39.013453,32.286996,27553.73219,28177.27699,18.73688,37.47376,30.941704,124.894377,3826.464781
58.39064,84.736725,30,60,88,106,2222,178.593338,186,3.1,1.26087,144,39.013453,32.286996,27173.19936,28177.27699,18.650224,37.300448,30.941704,124.894377,3826.464781
58.325424,84.653984,30,60,88,106,2234,177.456589,187,3.116667,1.26087,144,39.013453,32.286996,27394.53944,28177.27699,18.700726,37.401452,30.941704,124.894377,3826.464781
58.406895,84.598923,30,60,88,106,2234,177.52002,188,3.133333,1.26087,144,39.013453,32.286996,27282.67426,28177.27699,18.675236,37.350473,30.941704,124.894377,3826.464781
58.322407,84.72699,30,60,88,106,2227,177.59729,189,3.15,1.26087,144,39.013453,32.286996,27260.44464,28177.27699,18.670163,37.340326,30.941704,124.894377,3826.464781
58.262684,84.616074,30,60,88,106,2227,177.183502,190,3.166667,1.26087,144,39.013453,32.286996,27163.39921,28177.27699,18.647982,37.295964,30.941704,124.894377,3826.464781
58.27359,84.700676,30,60,88,106,2215,178.068649,191,3.183333,1.26087,144,39.013453,32.286996,26954.01054,28177.27699,18.599942,37.199884,30.941704,124.894377,3826.464781
58.19622,84.662918,30,60,88,106,2222,177.963791,192,3.2,1.26087,144,39.013453,32.286996,27100.5348,28177.27699,18.633585,37.26717,30.941704,124.894377,3826.464781
58.231014,84.689423,30,60,88,106,2212,177.984879,193,3.216667,1.26087,144,39.013453,32.286996,26871.54582,28177.27699,18.580954,37.161908,30.941704,124.894377,3826.464781
58.201809,84.710403,30,60,88,106,2210,177.642548,194,3.233333,1.26087,144,39.013453,32.286996,26849.07717,28177.27699,18.575774,37.151548,30.941704,124.894377,3826.464781
58.16119,84.610985,30,60,87,106,2221,177.435593,195,3.25,1.23913,144,38.340807,32.286996,27013.76758,28177.27699,18.613677,37.227355,30.941704,124.894377,3826.464781
58.22126,84.86451,30,60,87,106,2192,177.9254,196,3.266667,1.23913,144,38.340807,32.286996,26588.05842,28177.27699,18.515382,37.030764,30.941704,124.894377,3826.464781
58.104168,84.713768,30,60,87,106,2208,176.92688,197,3.283333,1.23913,144,38.340807,32.286996,26807.00822,28177.27699,18.566067,37.132134,30.941704,124.894377,3826.464781
58.151226,84.757492,30,60,87,106,2202,177.307755,198,3.3,1.23913,144,38.340807,32.286996,26687.97219,28177.27699,18.538545,37.077091,30.941704,124.894377,3826.464781
58.088371,84.919411,30,60,87,106,2184,177.992187,199,3.316667,1.23913,144,38.340807,32.286996,26474.75908,28177.27699,18.489045,36.978089,30.941704,124.894377,3826.464781
58.103714,84.710594,30,60,87,106,2208,177.452713,200,3.333333,1.23913,144,38.340807,32.286996,26852.90163,28177.27699,18.576656,37.153312,30.941704,124.894377,3826.464781
58.067829,84.907425,30,60,87,106,2182,177.367187,201,3.35,1.23913,144,38.340807,32.286996,26382.49421,28177.27699,18.467541,36.935083,30.941704,124.894377,3826.464781
58.118397,84.797813,30,60,87,106,2196,176.875549,202,3.366667,1.23913,144,38.340807,32.286996,26588.05842,28177.27699,18.515382,37.030764,30.941704,124.894377,3826.464781
58.068432,84.858124,30,60,87,106,2192,177.143814,203,3.383333,1.23913,144,38.340807,32.286996,26563.19949,28177.27699,18.50961,37.019219,30.941704,124.894377,3826.464781
57.987579,84.96228,30,61,87,106,2174,177.204803,204,3.4,1.266667,144,38.340807,32.286996,26304.57102,26912.18061,18.449342,36.898683,30.269058,123.855026,3697.115488
58.016041,84.837761,30,60,87,106,2182,177.288345,205,3.416667,1.23913,144,38.340807,31.61435,26347.11804,27655.00046,18.459283,36.918567,30.941704,125.877788,3792.706037
58.020729,85.042374,30,61,87,106,2171,177.107788,206,3.433333,1.266667,144,38.340807,32.286996,26293.3367,26912.18061,18.446715,36.893429,30.269058,123.855026,3697.115488
57.957951,84.825867,30,60,87,106,2188,176.315323,207,3.45,1.23913,144,38.340807,32.286996,26459.93933,28177.27699,18.485594,36.971188,30.941704,124.894377,3826.464781
57.937012,84.882759,30,61,87,106,2175,177.381393,208,3.466667,1.266667,144,38.340807,32.286996,26233.57966,26912.18061,18.432729,36.865459,30.269058,123.855026,3697.115488
57.970127,84.950371,30,60,87,106,2176,177.146393,209,3.483333,1.23913,144,38.340807,32.286996,26307.91742,28177.27699,18.450124,36.900248,30.941704,124.894377,3826.464781
57.992191,84.912262,30,60,87,106,2177,176.869034,210,3.5,1.23913,144,38.340807,32.286996,26286.16586,28177.27699,18.445038,36.890075,30.941704,124.894377,3826.464781
57.857605,84.983818,30,61,87,106,2163,177.03775,211,3.516667,1.266667,144,38.340807,31.61435,26079.64553,26401.25792,18.396605,36.793211,30.269058,124.850872,3663.356744
57.999538,84.905701,30,60,87,106,2174,176.461578,212,3.533333,1.23913,144,38.340807,32.286996,26220.43311,28177.27699,18.42965,36.8593,30.941704,124.894377,3826.464781
57.869987,84.955742,30,60,87,106,2169,177.753281,213,3.55,1.23913,144,38.340807,32.286996,26161.87121,28177.27699,18.415919,36.831838,30.941704,124.894377,3826.464781
57.80584,84.993973,30,60,87,106,2158,176.499359,214,3.566667,1.23913,144,37.668161,32.286996,25911.13067,28177.27699,18.356896,36.713792,30.941704,124.894377,3826.464781
57.847435,84.83033,30,60,86,106,2163,177.208176,215,3.583333,1.217391,144,37.668161,31.61435,25888.423,27655.00046,18.351532,36.703064,30.941704,125.877788,3792.706037
57.743614,85.059448,30,61,86,106,2153,176.678101,216,3.6,1.244444,144,37.668161,32.286996,25873.60325,26912.18061,18.34803,36.696059,30.269058,123.855026,3697.115488
57.688335,84.929924,30,61,86,106,2169,176.027756,217,3.616667,1.244444,144,37.668161,32.286996,26156.61259,26912.18061,18.414685,36.82937,30.269058,123.855026,3697.115488
57.669445,84.93148,30,61,87,106,2160,176.579926,218,3.633333,1.266667,144,37.668161,31.61435,25936.94571,26401.25792,18.36299,36.725981,30.269058,124.850872,3663.356744
57.615314,84.903946,30,60,86,106,2155,177.176804,219,3.65,1.217391,144,37.668161,31.61435,25795.20201,27655.00046,18.329478,36.658957,30.941704,125.877788,3792.706037
57.607143,84.84137,30,60,86,106,2156,176.652435,220,3.666667,1.217391,144,37.668161,31.61435,25760.06487,27655.00046,18.321152,36.642304,30.941704,125.877788,3792.706037
57.642227,84.989792,30,61,87,106,2155,176.082275,221,3.683333,1.266667,144,38.340807,31.61435,25875.51548,26401.25792,18.348482,36.696963,30.269058,124.850872,3663.356744
57.509758,84.849907,30,61,86,106,2152,176.87587,222,3.7,1.244444,144,37.668161,31.61435,25718.47397,26401.25792,18.311287,36.622573,30.269058,124.850872,3663.356744
57.561745,84.917824,30,61,86,106,2154,176.561218,223,3.716667,1.244444,144,37.668161,31.61435,25817.43163,26401.25792,18.334742,36.669484,30.269058,124.850872,3663.356744
57.417717,84.869926,30,61,86,106,2145,177.003525,224,3.733333,1.244444,144,37.668161,30.941704,25615.93089,25901.09149,18.286918,36.573835,30.269058,125.85584,3630.308711
57.532684,84.834496,30,61,86,106,2157,176.81044,225,3.75,1.244444,144,37.668161,31.61435,25810.49982,26401.25792,18.333101,36.666202,30.269058,124.850872,3663.356744
57.595238,85.040146,30,61,86,106,2142,176.739273,226,3.766667,1.244444,144,37.668161,32.286996,25558.80316,26912.18061,18.273313,36.546627,30.269058,123.855026,3697.115488
57.660946,84.908165,30,60,86,106,2156,176.326263,227,3.783333,1.217391,144,37.668161,31.61435,25772.9724,27655.00046,18.324212,36.648423,30.941704,125.877788,3792.706037
57.496979,84.861923,30,61,87,106,2151,176.770248,228,3.8,1.266667,144,38.340807,30.941704,25690.98574,25901.09149,18.304761,36.609521,30.269058,125.85584,3630.308711
57.55685,84.948273,30,61,86,106,2146,175.936417,229,3.816667,1.244444,144,37.668161,30.941704,25648.1997,25901.09149,18.294593,36.589187,30.269058,125.85584,3630.308711
57.435047,84.891121,30,61,86,106,2140,177.032455,230,3.833333,1.244444,144,37.668161,31.61435,25473.23108,26401.25792,18.252897,36.505794,30.269058,124.850872,3663.356744
57.512894,85.060944,30,61,86,106,2133,177.378418,231,3.85,1.244444,144,37.668161,31.61435,25418.49363,26401.25792,18.239814,36.479628,30.269058,124.850872,3663.356744
57.495583,84.882843,30,61,86,106,2151,176.001709,232,3.866667,1.244444,144,37.668161,30.941704,25680.4685,25901.09149,18.302262,36.604525,30.269058,125.85584,3630.308711
57.55566,84.985909,30,61,86,106,2129,177.34404,233,3.883333,1.244444,144,37.668161,30.941704,25297.54538,25901.09149,18.210838,36.421675,30.269058,125.85584,3630.308711
57.579887,84.990135,30,61,86,106,2128,177.817368,234,3.9,1.244444,144,37.668161,31.61435,25271.49131,26401.25792,18.204584,36.409168,30.269058,124.850872,3663.356744
57.488503,84.908966,30,61,86,106,2131,178.07222,235,3.916667,1.244444,144,37.668161,30.941704,25280.81341,25901.09149,18.206822,36.413644,30.269058,125.85584,3630.308711
57.449718,85.009399,30,61,86,106,2128,178.102051,236,3.933333,1.244444,144,37.668161,30.941704,25330.29224,25901.09149,18.218692,36.437384,30.269058,125.85584,3630.308711
57.525154,84.955338,30,61,86,106,2127,177.909454,237,3.95,1.244444,144,37.668161,31.61435,25230.6175,26401.25792,18.194764,36.389528,30.269058,124.850872,3663.356744
57.541569,84.716209,30,60,86,106,2153,179.814819,238,3.966667,1.217391,144,37.668161,30.941704,25455.30397,27143.71922,18.248614,36.497229,30.941704,126.869898,3759.658003
57.560909,84.364059,30,58,86,106,2159,1.350692,239,3.983333,1.166667,144,37.668161,30.941704,24979.63793,29761.87434,18.134232,36.268465,32.286996,128.795625,4026.885113
57.589527,84.65638,30,59,86,106,2139,1.313173,240,4,1.191489,144,37.668161,30.941704,24909.36365,28430.32813,18.117211,36.234422,31.61435,127.849289,3891.850137
57.509739,85.019005,30,60,86,106,2105,0.939954,241,4.016667,1.217391,144,37.668161,30.941704,24611.05651,27143.71922,18.044598,36.089196,30.941704,126.869898,3759.658003
57.522488,85.111008,30,61,86,106,2090,1.185478,242,4.033333,1.244444,144,37.668161,30.941704,24454.49306,25901.09149,18.006253,36.012506,30.269058,125.85584,3630.308711
57.483093,85.367149,30,62,86,106,2070,178.668655,243,4.05,1.272727,144,37.668161,30.941704,24296.73448,24701.48883,17.967449,35.934899,29.596413,124.805408,3503.80226
57.426422,85.444389,30,62,86,106,2059,179.787506,244,4.066667,1.272727,144,37.668161,30.941704,24129.65379,24701.48883,17.926169,35.852339,29.596413,124.805408,3503.80226
57.523018,85.533791,30,62,86,106,2042,179.34201,245,4.083333,1.272727,144,37.668161,30.941704,23847.83959,24701.48883,17.856108,35.712217,29.596413,124.805408,3503.80226
57.296719,85.83847,30,63,86,106,2012,178.471512,246,4.1,1.302326,144,37.668161,30.941704,23503.63904,23543.95512,17.769785,35.539569,28.923767,123.716798,3380.138651
57.411179,85.896706,30,63,86,106,2004,177.185333,247,4.116667,1.302326,144,37.668161,31.61435,23360.22214,24021.89193,17.733568,35.467136,28.923767,122.685765,3413.186684
57.368793,86.125633,30,63,86,106,1974,177.814224,248,4.133333,1.302326,144,37.668161,30.941704,22942.87897,23543.95512,17.627326,35.254652,28.923767,123.716798,3380.138651
57.324352,86.127098,30,63,85,106,1967,177.774597,249,4.15,1.27907,144,36.995516,30.941704,22747.59297,23543.95512,17.57717,35.154339,28.923767,123.716798,3380.138651
57.340511,86.252823,30,63,86,106,1950,177.018951,250,4.166667,1.302326,144,37.668161,30.941704,22493.50603,23543.95512,17.51148,35.02296,28.923767,123.716798,3380.138651
57.309933,86.539261,30,64,86,106,1923,177.592499,251,4.183333,1.333333,144,37.668161,30.941704,22193.04763,22427.53426,17.43316,34.86632,28.251121,122.588095,3259.317883
57.30265,86.442017,30,63,86,106,1923,176.888504,252,4.2,1.302326,144,36.995516,30.941704,22021.42541,23543.95512,17.388106,34.776211,28.923767,123.716798,3380.138651
57.248684,86.616966,30,64,85,106,1898,177.517853,253,4.216667,1.309524,144,36.995516,30.941704,21672.20527,22427.53426,17.295701,34.591402,28.251121,122.588095,3259.317883
57.334045,86.626999,30,64,85,106,1874,176.978882,254,4.233333,1.309524,144,36.32287,28.923767,21210.40286,21087.30336,17.171969,34.343939,28.251121,125.783754,3164.438045
57.273453,86.685501,31,64,85,106,1876,177.865707,255,4.25,1.285714,144,36.32287,30.941704,21219.96399,22427.53426,17.174549,34.349098,28.251121,122.588095,3259.317883
56.909435,86.75148,30,64,84,106,1855,176.80307,256,4.266667,1.285714,144,35.650224,30.269058,20886.99776,21970.75144,17.084246,34.168491,28.251121,123.64282,3226.98056
56.732182,86.714905,30,64,84,106,1852,177.191269,257,4.283333,1.285714,144,35.650224,30.269058,20765.33243,21970.75144,17.051009,34.102019,28.251121,123.64282,3226.98056
56.605812,86.870613,30,65,83,106,1824,177.820358,258,4.3,1.292683,144,35.650224,30.269058,20336.03785,20905.36309,16.932688,33.865376,27.578475,122.485758,3109.002634
56.596588,86.872864,30,65,83,106,1817,177.622513,259,4.316667,1.292683,144,35.650224,30.269058,20180.90858,20905.36309,16.889522,33.779045,27.578475,122.485758,3109.002634
56.398113,87.0261,30,65,83,106,1801,176.149307,260,4.333333,1.292683,144,35.650224,30.269058,19975.34436,20905.36309,16.831981,33.663961,27.578475,122.485758,3109.002634
56.476784,87.136467,30,66,83,106,1766,174.565155,261,4.35,1.325,144,35.650224,27.578475,19489.87816,18234.66162,16.694503,33.389007,26.90583,125.729721,2871.625362
56.423748,87.150253,30,66,83,106,1777,175.361328,262,4.366667,1.325,144,35.650224,30.269058,19634.01215,19879.17536,16.735556,33.471112,26.90583,121.284493,2993.86755
56.222286,87.330315,30,66,83,106,1768,176.40007,263,4.383333,1.325,144,34.977578,30.269058,19575.9283,19879.17536,16.719037,33.438073,26.90583,121.284493,2993.86755
56.147961,87.411568,30,66,83,106,1764,175.69194,264,4.4,1.325,144,35.650224,30.269058,19563.02078,19879.17536,16.715361,33.430723,26.90583,121.284493,2993.86755
56.035591,87.467278,30,66,82,106,1742,174.860992,265,4.416667,1.3,144,34.977578,30.269058,19206.86882,19879.17536,16.613303,33.226606,26.90583,121.284493,2993.86755
55.85973,87.72998,30,66,82,106,1711,175.806396,266,4.433333,1.3,144,34.977578,28.923767,18820.83834,19037.79624,16.501248,33.002496,26.90583,123.483941,2931.325035
55.677269,87.619553,30,66,82,106,1698,175.932251,267,4.45,1.3,144,34.977578,28.923767,18493.60879,19037.79624,16.405055,32.81011,26.90583,123.483941,2931.325035
55.452866,87.852623,30,67,82,106,1676,175.915268,268,4.466667,1.333333,144,34.977578,28.923767,18247.88784,18070.88749,16.332074,32.664147,26.233184,122.265681,2819.032792
55.266228,87.888824,30,67,82,106,1664,174.453995,269,4.483333,1.333333,144,34.977578,28.923767,17993.56188,18070.88749,16.255844,32.511687,26.233184,122.265681,2819.032792
55.223099,87.983589,30,67,82,106,1645,173.894318,270,4.5,1.333333,144,34.977578,28.251121,17715.57213,17674.69831,16.171694,32.343389,26.233184,123.398488,2788.8276
55.059292,88.099632,30,68,82,106,1636,174.429794,271,4.516667,1.368421,144,34.977578,28.923767,17588.64817,17141.26713,16.132981,32.265962,25.560538,120.998551,2709.583391
54.895386,88.145233,30,68,82,106,1625,173.009949,272,4.533333,1.368421,144,34.977578,28.923767,17380.9327,17141.26713,16.069221,32.138442,25.560538,120.998551,2709.583391
54.809376,88.438751,30,68,82,106,1600,173.449219,273,4.55,1.368421,144,34.977578,28.251121,17191.86143,16755.23665,16.010741,32.021482,25.560538,122.147148,2679.378199
54.551224,88.348839,30,68,81,106,1591,172.187286,274,4.566667,1.342105,144,33.632287,28.923767,16859.85131,17141.26713,15.907004,31.814007,25.560538,120.998551,2709.583391
54.695709,88.437538,30,69,81,106,1561,170.37117,275,4.583333,1.378378,144,33.632287,26.233184,16479.31848,14797.55618,15.786416,31.572832,24.887892,124.419115,2486.420326
54.244343,88.748543,30,69,80,106,1547,171.759552,276,4.6,1.351351,144,33.632287,28.251121,16355.50189,15872.10728,15.74678,31.49356,24.887892,120.844323,2572.771639
54.242008,88.772995,30,69,80,106,1533,170.79657,277,4.616667,1.351351,144,32.959641,28.251121,16122.68847,15872.10728,15.671706,31.343413,24.887892,120.844323,2572.771639
54.111038,88.946121,30,70,80,106,1522,170.350616,278,4.633333,1.388889,144,32.959641,28.251121,15990.02784,15024.35407,15.628605,31.257209,24.215247,119.487126,2469.007921
53.998013,89.111923,30,70,80,106,1510,170.56311,279,4.65,1.388889,144,32.959641,28.251121,15916.40716,15024.35407,15.604582,31.209164,24.215247,119.487126,2469.007921
53.934139,89.315857,30,70,80,106,1488,170.899689,280,4.666667,1.388889,144,32.959641,28.251121,15664.47148,15024.35407,15.521811,31.043621,24.215247,119.487126,2469.007921
53.777321,89.637802,30,71,80,106,1455,170.289734,281,4.683333,1.428571,144,32.959641,28.923767,15255.4943,14566.5753,15.385533,30.771067,23.542601,116.876376,2398.292237
53.719555,89.629784,30,71,80,106,1437,170.711472,282,4.7,1.428571,144,32.959641,28.251121,14956.23104,14211.02091,15.284264,30.568527,23.542601,118.072487,2368.087045
53.60762,89.898376,30,71,80,106,1417,170.016144,283,4.716667,1.428571,144,32.286996,28.923767,14703.33925,14566.5753,15.197627,30.395255,23.542601,116.876376,2398.292237
53.536655,90.007118,30,72,80,106,1405,170.08667,284,4.733333,1.470588,144,32.959641,28.251121,14601.99131,13431.1517,15.162628,30.325257,22.869955,116.597141,2270.00901
53.622108,90.270233,30,72,80,106,1384,170.927109,285,4.75,1.470588,144,32.959641,28.251121,14432.04228,13431.1517,15.103574,30.207148,22.869955,116.597141,2270.00901
53.46484,90.516655,30,73,80,106,1351,170.40596,286,4.766667,1.515152,144,32.959641,28.251121,13981.4742,12683.79032,14.944732,29.889463,22.197309,115.057615,2174.773817
53.387527,90.633263,30,73,80,106,1347,170.425247,287,4.783333,1.515152,144,32.959641,28.251121,13980.04003,12683.79032,14.944221,29.888441,22.197309,115.057615,2174.773817
53.243591,90.808449,29,73,80,106,1326,169.966629,288,4.8,1.545455,144,32.959641,28.251121,13731.68977,12683.79032,14.855198,29.710397,22.197309,115.057615,2174.773817
53.278664,90.9795,29,74,80,106,1317,171.061111,289,4.816667,1.59375,144,32.959641,28.251121,13693.6843,11967.98065,14.841481,29.682962,21.524664,113.450224,2082.381465
53.271679,91.198006,29,74,80,106,1303,171.168015,290,4.833333,1.59375,144,32.959641,28.923767,13561.2627,12293.05895,14.793485,29.586971,21.524664,112.207667,2112.586657
53.104149,91.429916,28,74,80,106,1277,171.825653,291,4.85,1.625,144,32.959641,28.251121,13274.4289,11967.98065,14.688442,29.376885,21.524664,113.450224,2082.381465
53.034782,91.581024,28,75,80,106,1265,171.809814,292,4.866667,1.677419,144,32.959641,28.251121,13156.82705,11282.76659,14.644937,29.289875,20.852018,111.771054,1992.831955
53.01046,91.917938,28,75,80,106,1243,171.723923,293,4.883333,1.677419,144,33.632287,28.251121,13017.71266,11282.76659,14.593138,29.186276,20.852018,111.771054,1992.831955
52.910267,91.982216,28,76,80,106,1237,172.003357,294,4.9,1.733333,144,32.959641,28.923767,12956.04339,10931.95293,14.570057,29.140115,20.179372,108.744185,1936.330478
53.185856,92.247536,28,76,80,106,1216,172.551224,295,4.916667,1.733333,144,33.632287,28.251121,12744.02541,10627.19202,14.490143,28.980286,20.179372,110.01596,1906.125286
53.005852,92.474083,27,77,80,106,1196,173.462067,296,4.933333,1.827586,144,33.632287,28.251121,12592.48156,10000.30083,14.432478,28.864956,19.506726,108.180554,1822.261459
52.972614,92.458092,27,77,80,106,1205,173.097656,297,4.95,1.827586,144,33.632287,28.923767,12759.56224,10294.90304,14.496029,28.992058,19.506726,106.895054,1852.466651
52.812607,92.850937,27,77,79,106,1174,174.182495,298,4.966667,1.793103,144,34.304933,28.923767,12423.72768,10294.90304,14.367717,28.735434,19.506726,106.895054,1852.466651
52.627533,92.994934,27,77,80,106,1184,174.859268,299,4.983333,1.827586,144,34.977578,28.923767,12735.89846,10294.90304,14.487062,28.974124,19.506726,106.895054,1852.466651
52.710617,93.319351,27,79,80,106,1168,175.787781,300,5,1.962963,144,34.977578,30.269058,12687.13671,9670.959866,14.46855,28.9371,18.161435,100.388858,1755.810037
52.497417,93.4673,27,79,80,106,1162,176.705917,301,5.016667,1.962963,144,35.650224,30.269058,12695.26367,9670.959866,14.471638,28.943277,18.161435,100.388858,1755.810037
52.539192,93.568474,27,79,80,106,1161,176.731155,302,5.033333,1.962963,144,35.650224,30.941704,12741.3961,9964.605962,14.489146,28.978293,18.161435,99.147843,1788.14736
52.723778,93.768356,27,79,80,106,1144,177.039291,303,5.05,1.962963,144,35.650224,30.941704,12576.7057,9964.605962,14.426448,28.852897,18.161435,99.147843,1788.14736
52.652851,93.569084,27,79,80,106,1158,177.153809,304,5.066667,1.962963,144,35.650224,30.941704,12678.5317,9964.605962,14.465278,28.930556,18.161435,99.147843,1788.14736
52.668716,93.789101,27,79,80,106,1138,177.123016,305,5.083333,1.962963,144,35.650224,30.941704,12499.73863,9964.605962,14.396959,28.793918,18.161435,99.147843,1788.14736
52.637077,93.687553,27,79,80,106,1149,176.966446,306,5.1,1.962963,144,35.650224,30.941704,12623.79425,9964.605962,14.444431,28.888862,18.161435,99.147843,1788.14736
52.723129,93.59243,27,79,80,106,1163,177.047256,307,5.116667,1.962963,144,35.650224,30.941704,12831.27069,9964.605962,14.523134,29.046269,18.161435,99.147843,1788.14736
52.742756,93.807724,27,79,80,106,1139,177.553375,308,5.133333,1.962963,144,35.650224,30.941704,12538.70022,9964.605962,14.411902,28.823804,18.161435,99.147843,1788.14736
52.699139,93.616379,26,79,80,106,1160,177.046707,309,5.15,2,144,36.32287,30.941704,12767.45017,9964.605962,14.499016,28.998031,18.161435,99.147843,1788.14736
52.770226,93.5895,27,79,80,106,1162,177.14624,310,5.166667,1.962963,144,35.650224,30.941704,12776.05519,9964.605962,14.502272,29.004545,18.161435,99.147843,1788.14736
52.630077,93.596367,27,79,80,106,1157,177.16774,311,5.183333,1.962963,144,35.650224,30.941704,12714.62495,9964.605962,14.478992,28.957983,18.161435,99.147843,1788.14736
52.72155,93.581894,27,79,80,106,1160,176.759323,312,5.2,1.962963,144,35.650224,30.941704,12755.02071,9964.605962,14.494309,28.988618,18.161435,99.147843,1788.14736
52.61068,93.690781,27,79,80,106,1161,177.123703,313,5.216667,1.962963,144,35.650224,31.61435,12814.06067,10264.70582,14.516638,29.033277,18.161435,97.929309,1821.195394
52.707253,93.581177,27,79,80,106,1158,176.866684,314,5.233333,1.962963,144,35.650224,30.941704,12711.99564,9964.605962,14.477993,28.955987,18.161435,99.147843,1788.14736
52.672104,93.560516,27,79,80,106,1165,176.751816,315,5.25,1.962963,144,35.650224,30.941704,12812.14844,9964.605962,14.515916,29.031832,18.161435,99.147843,1788.14736
52.600517,93.646049,27,79,80,106,1164,177.276886,316,5.266667,1.962963,144,35.650224,30.941704,12872.14451,9964.605962,14.538539,29.077078,18.161435,99.147843,1788.14736
52.713306,93.522743,27,79,80,106,1165,176.684402,317,5.283333,1.962963,144,35.650224,30.941704,12791.59202,9964.605962,14.508149,29.016297,18.161435,99.147843,1788.14736
52.608246,93.627151,27,79,80,106,1164,177.420456,318,5.3,1.962963,144,35.650224,30.941704,12873.10062,9964.605962,14.538899,29.077798,18.161435,99.147843,1788.14736
52.603256,93.545845,27,79,80,106,1167,176.657837,319,5.316667,1.962963,144,35.650224,30.941704,12855.65157,9964.605962,14.532327,29.064654,18.161435,99.147843,1788.14736
52.591454,93.496582,27,79,80,106,1170,176.265839,320,5.333333,1.962963,144,35.650224,30.941704,12888.39842,9964.605962,14.544656,29.089312,18.161435,99.147843,1788.14736
52.727974,93.550896,27,79,80,106,1169,177.089584,321,5.35,1.962963,144,35.650224,30.941704,12868.08103,9964.605962,14.537009,29.074018,18.161435,99.147843,1788.14736
52.692505,93.609818,27,79,80,106,1161,176.886627,322,5.366667,1.962963,144,35.650224,30.941704,12790.15785,9964.605962,14.507606,29.015213,18.161435,99.147843,1788.14736
52.719208,93.670113,27,79,80,106,1161,176.895081,323,5.383333,1.962963,144,35.650224,30.941704,12881.46661,9964.605962,14.542048,29.084096,18.161435,99.147843,1788.14736
52.682865,93.468033,27,79,80,106,1173,176.927032,324,5.4,1.962963,144,35.650224,30.941704,12922.57945,9964.605962,14.557502,29.115005,18.161435,99.147843,1788.14736
52.672413,93.612068,27,79,80,106,1160,176.854004,325,5.416667,1.962963,144,35.650224,30.941704,12766.97212,9964.605962,14.498835,28.99767,18.161435,99.147843,1788.14736
52.752586,93.594826,27,79,80,106,1160,176.796356,326,5.433333,1.962963,144,35.650224,30.941704,12764.10378,9964.605962,14.497749,28.995498,18.161435,99.147843,1788.14736
52.703548,93.424828,27,79,80,106,1184,176.861557,327,5.45,1.962963,144,35.650224,30.941704,13150.85134,9964.605962,14.64272,29.28544,18.161435,99.147843,1788.14736
52.697674,93.652885,27,79,80,106,1161,176.652039,328,5.466667,1.962963,144,35.650224,30.941704,12863.77852,9964.605962,14.535389,29.070777,18.161435,99.147843,1788.14736
52.731228,93.505119,27,79,80,106,1172,177.134628,329,5.483333,1.962963,144,35.650224,30.941704,12973.49245,9964.605962,14.576595,29.153191,18.161435,99.147843,1788.14736
52.707653,93.564056,27,79,80,106,1163,176.564545,330,5.5,1.962963,144,35.650224,30.941704,12794.46036,9964.605962,14.509233,29.018466,18.161435,99.147843,1788.14736
52.771599,93.53978,27,79,80,106,1169,177.160095,331,5.516667,1.962963,144,35.650224,30.941704,12915.88666,9964.605962,14.554989,29.109977,18.161435,99.147843,1788.14736
52.698643,93.415108,27,79,80,106,1178,177.397736,332,5.533333,1.962963,144,35.650224,30.941704,12979.70718,9964.605962,14.578923,29.157845,18.161435,99.147843,1788.14736
52.647861,93.55043,26,79,80,106,1170,176.886047,333,5.55,2,144,36.32287,30.941704,12915.64763,9964.605962,14.554899,29.109798,18.161435,99.147843,1788.14736
52.675468,93.517891,27,79,80,106,1174,176.782867,334,5.566667,1.962963,144,35.650224,30.941704,12970.14605,9964.605962,14.575342,29.150684,18.161435,99.147843,1788.14736
52.678329,93.523041,27,79,80,106,1172,176.632797,335,5.583333,1.962963,144,35.650224,30.941704,12962.49715,9964.605962,14.572476,29.144952,18.161435,99.147843,1788.14736
52.745098,93.522591,27,79,80,106,1173,177.03743,336,5.6,1.962963,144,35.650224,30.941704,12946.48227,9964.605962,14.566472,29.132945,18.161435,99.147843,1788.14736
52.918076,93.432434,27,79,80,106,1184,177.367737,337,5.616667,1.962963,144,35.650224,30.941704,13126.94853,9964.605962,14.633843,29.267686,18.161435,99.147843,1788.14736
52.664677,93.510239,27,79,80,106,1172,176.632904,338,5.633333,1.962963,144,35.650224,30.941704,12934.29183,9964.605962,14.561899,29.123798,18.161435,99.147843,1788.14736
52.669746,93.3479,27,79,80,106,1190,176.707703,339,5.65,1.962963,144,35.650224,30.941704,13184.79334,9964.605962,14.655307,29.310613,18.161435,99.147843,1788.14736
52.668095,93.577187,27,79,80,106,1166,177.031082,340,5.666667,1.962963,144,35.650224,30.941704,12885.05203,9964.605962,14.543397,29.086794,18.161435,99.147843,1788.14736
52.646309,93.500427,27,79,81,106,1179,176.242447,341,5.683333,2,144,35.650224,32.286996,13069.8208,10571.25943,14.612584,29.225167,18.161435,96.732921,1854.954138
52.739796,93.471939,27,79,80,106,1176,176.904022,342,5.7,1.962963,144,35.650224,30.941704,12980.66329,9964.605962,14.579281,29.158561,18.161435,99.147843,1788.14736
52.73077,93.532478,27,79,80,106,1170,176.958771,343,5.716667,1.962963,144,35.650224,30.941704,12927.12099,9964.605962,14.559207,29.118415,18.161435,99.147843,1788.14736
52.794266,93.397133,27,79,81,106,1186,176.614807,344,5.733333,2,144,35.650224,32.286996,13147.02689,10571.25943,14.6413,29.282601,18.161435,96.732921,1854.954138
52.63644,93.461014,27,78,80,106,1180,176.675354,345,5.75,1.892857,144,35.650224,30.941704,13049.98146,10579.06769,14.605186,29.210372,18.834081,101.198679,1866.325504
52.664402,93.452843,27,79,80,106,1177,177.173492,346,5.766667,1.962963,144,35.650224,30.941704,13042.09353,9964.605962,14.602243,29.204486,18.161435,99.147843,1788.14736
52.708122,93.40271,27,78,80,106,1182,176.504242,347,5.783333,1.892857,144,35.650224,30.941704,13050.45952,10579.06769,14.605364,29.210729,18.834081,101.198679,1866.325504
52.939087,93.293571,27,78,80,106,1182,177.213989,348,5.8,1.892857,144,35.650224,29.596413,12990.22442,9976.716722,14.582859,29.165718,18.834081,103.685547,1802.361568
52.811176,93.386963,27,78,80,106,1181,176.85231,349,5.816667,1.892857,144,35.650224,30.941704,13009.5857,10579.06769,14.590101,29.180201,18.834081,101.198679,1866.325504
52.666668,93.469231,27,78,80,106,1170,177.109512,350,5.833333,1.892857,144,35.650224,30.941704,12840.11473,10579.06769,14.52647,29.05294,18.834081,101.198679,1866.325504
52.897736,93.300919,27,78,80,106,1193,177.629791,351,5.85,1.892857,144,35.650224,30.941704,13200.80823,10579.06769,14.661238,29.322476,18.834081,101.198679,1866.325504
52.653492,93.345665,27,78,80,106,1189,176.695053,352,5.866667,1.892857,144,35.650224,30.941704,13160.17344,10579.06769,14.646179,29.292358,18.834081,101.198679,1866.325504
52.661877,93.359253,27,78,80,106,1183,176.594299,353,5.883333,1.892857,144,35.650224,30.941704,13043.04964,10579.06769,14.6026,29.205199,18.834081,101.198679,1866.325504
52.815189,93.367088,27,78,80,106,1185,177.317719,354,5.9,1.892857,144,35.650224,30.941704,13067.90857,10579.06769,14.611871,29.223742,18.834081,101.198679,1866.325504
52.773151,93.506371,27,79,80,106,1177,177.102478,355,5.916667,1.962963,144,35.650224,30.941704,13059.30356,9964.605962,14.608663,29.217326,18.161435,99.147843,1788.14736
52.944675,93.342834,27,78,80,106,1193,177.349228,356,5.933333,1.892857,144,35.650224,30.941704,13203.67657,10579.06769,14.6623,29.324599,18.834081,101.198679,1866.325504
52.745361,93.424118,27,79,80,106,1186,177.228317,357,5.95,1.962963,144,35.650224,30.941704,13191.48613,9964.605962,14.657786,29.315572,18.161435,99.147843,1788.14736
52.775425,93.432205,27,78,80,106,1180,177.012344,358,5.966667,1.892857,144,35.650224,30.941704,13023.68836,10579.06769,14.595371,29.190741,18.834081,101.198679,1866.325504
52.833755,93.346832,27,78,80,106,1185,177.627975,359,5.983333,1.892857,144,35.650224,30.269058,13066.4744,10274.54581,14.611336,29.222673,18.834081,102.431272,1833.988181
52.621277,93.436592,27,79,80,106,1175,176.487442,360,6,1.962963,144,35.650224,30.941704,12956.99951,9964.605962,14.570416,29.140832,18.161435,99.147843,1788.14736
52.823826,93.286072,27,78,80,106,1192,177.415512,361,6.016667,1.892857,144,35.650224,30.941704,13158.02219,10579.06769,14.645381,29.290762,18.834081,101.198679,1866.325504
52.752331,93.415604,27,79,80,106,1179,177.185257,362,6.033333,1.962963,144,35.650224,30.941704,13004.32708,9964.605962,14.588134,29.176269,18.161435,99.147843,1788.14736
52.910015,93.474533,27,79,80,106,1178,177.107224,363,6.05,1.962963,144,35.650224,30.941704,13077.23067,9964.605962,14.615345,29.230689,18.161435,99.147843,1788.14736
52.87616,93.372368,27,78,80,106,1187,177.447678,364,6.066667,1.892857,144,35.650224,30.941704,13119.0606,10579.06769,14.630911,29.261823,18.834081,101.198679,1866.325504
52.703232,93.466835,27,79,80,106,1176,176.835388,365,6.083333,1.962963,144,35.650224,30.941704,12982.57552,9964.605962,14.579996,29.159993,18.161435,99.147843,1788.14736
52.863636,93.324913,27,78,80,106,1188,177.497452,366,6.1,1.892857,144,35.650224,30.941704,13110.21656,10579.06769,14.627623,29.255246,18.834081,101.198679,1866.325504
52.869823,93.49704,27,79,81,106,1183,177.105667,367,6.116667,2,144,35.650224,32.286996,13155.39288,10571.25943,14.644405,29.28881,18.161435,96.732921,1854.954138
52.698906,93.32885,27,78,80,106,1189,177.134857,368,6.133333,1.892857,144,35.650224,30.941704,13142.96341,10579.06769,14.639792,29.279583,18.834081,101.198679,1866.325504
52.631447,93.39814,27,78,80,106,1183,176.913681,369,6.15,1.892857,144,35.650224,30.941704,13086.55277,10579.06769,14.618817,29.237633,18.834081,101.198679,1866.325504
52.819103,93.345734,27,78,80,106,1183,177.151627,370,6.166667,1.892857,144,35.650224,30.941704,13017.2346,10579.06769,14.592959,29.185919,18.834081,101.198679,1866.325504
52.890862,93.384094,27,79,80,106,1182,177.272507,371,6.183333,1.962963,144,35.650224,30.941704,13063.36704,9964.605962,14.610178,29.220356,18.161435,99.147843,1788.14736
52.606266,93.444542,26,79,80,106,1181,176.687744,372,6.2,2,144,36.32287,30.941704,13086.55277,9964.605962,14.618817,29.237633,18.161435,99.147843,1788.14736
52.936817,93.373207,27,79,80,106,1187,177.21962,373,6.216667,1.962963,144,35.650224,30.941704,13151.56843,9964.605962,14.642986,29.285972,18.161435,99.147843,1788.14736
52.794094,93.329956,27,78,80,106,1185,177.013718,374,6.233333,1.892857,144,35.650224,30.941704,13032.05435,10579.06769,14.598495,29.19699,18.834081,101.198679,1866.325504
52.762424,93.437233,27,78,81,106,1187,176.604782,375,6.25,1.928571,144,35.650224,32.286996,13177.38347,11208.18981,14.652561,29.305121,18.834081,98.797411,1933.132281
52.919666,93.297073,27,78,80,106,1195,177.534485,376,6.266667,1.892857,144,35.650224,30.941704,13239.05273,10579.06769,14.675383,29.350765,18.834081,101.198679,1866.325504
52.665257,93.437027,27,79,80,106,1183,176.552979,377,6.283333,1.962963,144,35.650224,30.941704,13114.28004,9964.605962,14.629134,29.258268,18.161435,99.147843,1788.14736
52.771095,93.322472,27,78,80,106,1197,177.072433,378,6.3,1.892857,144,35.650224,30.941704,13283.99003,10579.06769,14.691968,29.383936,18.834081,101.198679,1866.325504
52.854866,93.314598,27,79,80,106,1192,177.473328,379,6.316667,1.962963,144,35.650224,30.941704,13213.95478,9964.605962,14.666103,29.332206,18.161435,99.147843,1788.14736
52.787216,93.372581,27,79,80,106,1189,177.272018,380,6.333333,1.962963,144,35.650224,30.941704,13221.84271,9964.605962,14.669021,29.338042,18.161435,99.147843,1788.14736
52.795322,93.337509,27,78,80,106,1197,176.757736,381,6.35,1.892857,144,35.650224,30.941704,13320.32231,10579.06769,14.70535,29.410701,18.834081,101.198679,1866.325504
52.823181,93.443314,27,79,80,106,1182,176.945038,382,6.366667,1.962963,144,35.650224,31.61435,13073.40622,10264.70582,14.61392,29.227839,18.161435,97.929309,1821.195394
52.78051,93.435593,27,79,80,106,1180,177.009491,383,6.383333,1.962963,144,35.650224,30.941704,13027.51281,9964.605962,14.596799,29.193598,18.161435,99.147843,1788.14736
52.707874,93.317528,26,78,80,106,1181,177.463318,384,6.4,1.928571,144,36.32287,30.269058,12997.15624,10274.54581,14.585453,29.170905,18.834081,102.431272,1833.988181
52.899494,93.353043,27,78,80,106,1184,177.305344,385,6.416667,1.892857,144,35.650224,30.941704,13038.98616,10579.06769,14.601083,29.202166,18.834081,101.198679,1866.325504
52.854027,93.360741,27,79,80,106,1192,177.428787,386,6.433333,1.962963,144,35.650224,30.941704,13254.11151,9964.605962,14.680945,29.361889,18.161435,99.147843,1788.14736
52.662701,93.435005,27,79,80,106,1177,176.810486,387,6.45,1.962963,144,35.650224,30.269058,12979.94621,9670.959866,14.579012,29.158024,18.161435,100.388858,1755.810037
52.834591,93.37867,27,79,80,106,1191,176.731781,388,6.466667,1.962963,144,35.650224,31.61435,13195.54961,10264.70582,14.659291,29.318581,18.161435,97.929309,1821.195394
52.798313,93.395782,27,79,80,106,1185,177.448914,389,6.483333,1.962963,144,35.650224,30.941704,13129.57784,9964.605962,14.63482,29.26964,18.161435,99.147843,1788.14736
52.797791,93.42141,27,78,80,106,1177,176.862396,390,6.5,1.892857,144,35.650224,30.941704,12950.30672,10579.06769,14.567907,29.135813,18.834081,101.198679,1866.325504
52.74958,93.322693,27,79,80,106,1190,176.698334,391,6.516667,1.962963,144,35.650224,30.941704,13172.36388,9964.605962,14.6507,29.3014,18.161435,99.147843,1788.14736
52.718273,93.385788,27,79,80,106,1182,177.05864,392,6.533333,1.962963,144,35.650224,30.269058,13045.67895,9670.959866,14.603581,29.207162,18.161435,100.388858,1755.810037
52.828136,93.305817,27,78,80,106,1187,177.187302,393,6.55,1.892857,144,35.650224,30.941704,13075.55747,10579.06769,14.614721,29.229442,18.834081,101.198679,1866.325504
52.70742,93.414841,27,78,81,106,1186,176.64032,394,6.566667,1.928571,144,35.650224,32.286996,13146.54884,11208.18981,14.641123,29.282246,18.834081,98.797411,1933.132281
52.798992,93.374268,26,79,80,106,1189,177.033249,395,6.583333,2,144,36.32287,30.941704,13172.60291,9964.605962,14.650788,29.301577,18.161435,99.147843,1788.14736
52.75943,93.364624,27,79,80,106,1193,177.198669,396,6.6,1.962963,144,35.650224,30.269058,13301.67811,9670.959866,14.698486,29.396972,18.161435,100.388858,1755.810037
52.7733,93.298065,27,78,80,106,1191,177.205658,397,6.616667,1.892857,144,35.650224,30.941704,13136.74868,10579.06769,14.637484,29.274968,18.834081,101.198679,1866.325504
52.909546,93.36097,27,78,80,106,1194,177.061646,398,6.633333,1.892857,144,35.650224,30.941704,13265.1068,10579.06769,14.685003,29.370007,18.834081,101.198679,1866.325504
52.697048,93.39325,27,78,80,106,1185,177.060806,399,6.65,1.892857,144,35.650224,30.941704,13104.71891,10579.06769,14.625578,29.251156,18.834081,101.198679,1866.325504
52.718037,93.428452,27,79,80,106,1181,177.128113,400,6.666667,1.962963,144,35.650224,30.941704,13047.35215,9964.605962,14.604205,29.20841,18.161435,99.147843,1788.14736
52.902927,93.335564,27,79,80,106,1195,177.493469,401,6.683333,1.962963,144,35.650224,30.941704,13313.15146,9964.605962,14.702711,29.405422,18.161435,99.147843,1788.14736
52.73407,93.441803,27,78,80,106,1177,177.027466,402,6.7,1.892857,144,35.650224,30.941704,12979.94621,10579.06769,14.579012,29.158024,18.834081,101.198679,1866.325504
52.970711,93.333054,27,79,81,106,1195,176.974594,403,6.716667,2,144,35.650224,32.286996,13268.21417,10571.25943,14.68615,29.3723,18.161435,96.732921,1854.954138
52.73032,93.315742,27,79,80,106,1194,177.376953,404,6.733333,1.962963,144,35.650224,30.269058,13283.27294,9670.959866,14.691704,29.383407,18.161435,100.388858,1755.810037
52.819645,93.413208,27,79,80,106,1181,176.802689,405,6.75,1.962963,144,35.650224,30.941704,13060.25967,9964.605962,14.609019,29.218039,18.161435,99.147843,1788.14736
52.923077,93.29097,27,78,80,106,1196,177.528473,406,6.766667,1.892857,144,35.650224,30.941704,13244.07233,10579.06769,14.677237,29.354474,18.834081,101.198679,1866.325504
52.817566,93.385132,26,79,80,106,1184,177.11676,407,6.783333,2,144,36.32287,30.941704,13096.35292,9964.605962,14.622465,29.24493,18.161435,99.147843,1788.14736
52.794415,93.351944,27,79,80,106,1182,177.142593,408,6.8,1.962963,144,35.650224,30.269058,13040.42033,9670.959866,14.601618,29.203237,18.161435,100.388858,1755.810037
52.661358,93.290024,27,78,80,106,1193,176.875931,409,6.816667,1.892857,144,35.650224,30.941704,13176.90541,10579.06769,14.652383,29.304767,18.834081,101.198679,1866.325504
52.76852,93.390572,27,79,80,106,1188,177.149261,410,6.833333,1.962963,144,35.650224,30.941704,13232.12092,9964.605962,14.672821,29.345642,18.161435,99.147843,1788.14736
52.87521,93.362564,27,79,80,106,1186,177.202713,411,6.85,1.962963,144,35.650224,30.941704,13140.3341,9964.605962,14.638815,29.277631,18.161435,99.147843,1788.14736
52.711651,93.293381,27,78,80,106,1193,177.141602,412,6.866667,1.892857,144,35.650224,30.941704,13205.11074,10579.06769,14.66283,29.325661,18.834081,101.198679,1866.325504
53.044689,93.237778,27,78,80,106,1186,176.781418,413,6.883333,1.892857,144,35.650224,29.596413,13049.02535,9976.716722,14.604829,29.209659,18.834081,103.685547,1802.361568
52.964615,93.246841,27,78,80,106,1187,176.75145,414,6.9,1.892857,144,35.650224,30.269058,13078.90387,10274.54581,14.615968,29.231936,18.834081,102.431272,1833.988181
52.77787,93.362114,27,79,80,106,1193,176.882065,415,6.916667,1.962963,144,35.650224,30.941704,13274.90696,9964.605962,14.688619,29.377238,18.161435,99.147843,1788.14736
52.902767,93.31517,27,79,80,106,1193,177.160873,416,6.933333,1.962963,144,35.650224,30.941704,13239.05273,9964.605962,14.675383,29.350765,18.161435,99.147843,1788.14736
52.731995,93.303185,27,78,80,106,1194,177.049072,417,6.95,1.892857,144,35.650224,30.941704,13224.47202,10579.06769,14.669993,29.339986,18.834081,101.198679,1866.325504
52.846539,93.237701,27,78,80,106,1199,177.097656,418,6.966667,1.892857,144,35.650224,30.941704,13293.55116,10579.06769,14.695492,29.390984,18.834081,101.198679,1866.325504
52.763821,93.270523,27,78,80,106,1194,176.806488,419,6.983333,1.892857,144,35.650224,30.941704,13190.53002,10579.06769,14.657432,29.314863,18.834081,101.198679,1866.325504
52.829269,93.329689,27,79,80,106,1189,177.301895,420,7,1.962963,144,35.650224,30.941704,13157.3051,9964.605962,14.645115,29.290229,18.161435,99.147843,1788.14736
53.007641,93.279289,27,79,80,106,1178,176.471664,421,7.016667,1.962963,144,35.650224,29.596413,12928.0771,9383.767531,14.559566,29.119133,18.161435,101.652684,1724.183425
52.69664,93.360504,27,79,80,106,1190,177.027939,422,7.033333,1.962963,144,35.650224,30.941704,13240.24788,9964.605962,14.675824,29.351648,18.161435,99.147843,1788.14736
52.859051,93.272728,27,78,80,106,1199,177.033752,423,7.05,1.892857,144,35.650224,30.941704,13318.88814,10579.06769,14.704823,29.409645,18.834081,101.198679,1866.325504
52.695759,93.26683,26,78,80,106,1203,177.239227,424,7.066667,1.928571,144,36.32287,30.941704,13402.06994,10579.06769,14.735372,29.470743,18.834081,101.198679,1866.325504
52.77269,93.251457,27,78,80,106,1201,177.212753,425,7.083333,1.892857,144,35.650224,30.941704,13353.3082,10579.06769,14.717479,29.434958,18.834081,101.198679,1866.325504
52.823872,93.293823,27,79,80,106,1198,177.263947,426,7.1,1.962963,144,35.650224,30.941704,13328.21024,9964.605962,14.708252,29.416505,18.161435,99.147843,1788.14736
52.61454,93.395607,27,79,80,106,1183,177.306641,427,7.116667,1.962963,144,35.650224,30.941704,13065.99635,9964.605962,14.611158,29.222316,18.161435,99.147843,1788.14736
52.917774,93.252495,27,78,80,106,1204,176.800629,428,7.133333,1.892857,144,35.650224,31.61435,13389.8795,10890.28235,14.730902,29.461805,18.834081,99.987488,1899.373538
52.748116,93.280334,27,78,80,106,1195,177.524796,429,7.15,1.892857,144,35.650224,30.941704,13255.30665,10579.06769,14.681386,29.362772,18.834081,101.198679,1866.325504
52.658314,93.346703,26,79,80,106,1197,176.987152,430,7.166667,2,144,36.32287,30.941704,13386.77214,9964.605962,14.729763,29.459526,18.161435,99.147843,1788.14736
52.838112,93.245361,27,78,80,106,1186,176.295105,431,7.183333,1.892857,144,35.650224,29.596413,13073.40622,9976.716722,14.61392,29.227839,18.834081,103.685547,1802.361568
52.913517,93.313179,27,79,80,106,1191,177.108536,432,7.2,1.962963,144,35.650224,30.941704,13183.12015,9964.605962,14.654687,29.309373,18.161435,99.147843,1788.14736
52.867893,93.258362,27,78,80,106,1196,177.247864,433,7.216667,1.892857,144,35.650224,30.941704,13244.55038,10579.06769,14.677414,29.354827,18.834081,101.198679,1866.325504
52.831234,93.345924,27,79,80,106,1191,177.052597,434,7.233333,1.962963,144,35.650224,30.941704,13249.09192,9964.605962,14.679091,29.358182,18.161435,99.147843,1788.14736
52.766529,93.265274,27,78,80,106,1195,177.06192,435,7.25,1.892857,144,35.650224,30.941704,13193.63738,10579.06769,14.658583,29.317165,18.834081,101.198679,1866.325504
52.682701,93.340927,27,79,80,106,1185,176.699142,436,7.266667,1.962963,144,35.650224,30.269058,13100.4164,9670.959866,14.623977,29.247954,18.161435,100.388858,1755.810037
52.700504,93.319633,27,79,80,106,1192,176.967606,437,7.283333,1.962963,144,35.650224,30.941704,13217.30117,9964.605962,14.667341,29.334682,18.161435,99.147843,1788.14736
52.747704,93.310776,27,79,80,106,1197,176.939133,438,7.3,1.962963,144,35.650224,30.941704,13318.88814,9964.605962,14.704823,29.409645,18.161435,99.147843,1788.14736
52.965988,93.352043,27,79,80,106,1176,176.43013,439,7.316667,1.962963,144,35.650224,29.596413,12925.20876,9383.767531,14.55849,29.116979,18.161435,101.652684,1724.183425
52.787144,93.231216,27,78,80,106,1198,176.890244,440,7.333333,1.892857,144,35.650224,30.941704,13258.89207,10579.06769,14.68271,29.365419,18.834081,101.198679,1866.325504
52.771931,93.284042,27,78,80,106,1197,177.25058,441,7.35,1.892857,144,35.650224,30.269058,13278.25335,10274.54581,14.689853,29.379706,18.834081,102.431272,1833.988181
52.740803,93.327759,27,78,80,106,1196,176.780304,442,7.366667,1.892857,144,35.650224,30.941704,13273.23376,10579.06769,14.688002,29.376003,18.834081,101.198679,1866.325504
52.849792,93.209129,27,78,80,106,1205,177.371231,443,7.383333,1.892857,144,35.650224,30.941704,13364.78155,10579.06769,14.721693,29.443386,18.834081,101.198679,1866.325504
52.657982,93.368065,27,79,80,106,1190,177.083298,444,7.4,1.962963,144,35.650224,30.941704,13241.20399,9964.605962,14.676177,29.352355,18.161435,99.147843,1788.14736
52.824959,93.298996,27,78,80,106,1194,176.973969,445,7.416667,1.892857,144,35.650224,30.941704,13249.33095,10579.06769,14.679179,29.358359,18.834081,101.198679,1866.325504
52.783489,93.333611,27,78,80,106,1187,177.303162,446,7.433333,1.892857,144,35.650224,30.269058,13111.88975,10274.54581,14.628245,29.25649,18.834081,102.431272,1833.988181
52.678722,93.35997,27,78,80,106,1189,176.714569,447,7.45,1.892857,144,35.650224,30.941704,13164.95401,10579.06769,14.647952,29.295904,18.834081,101.198679,1866.325504
52.780914,93.195023,27,78,80,106,1205,177.1707,448,7.466667,1.892857,144,35.650224,30.941704,13373.38656,10579.06769,14.724852,29.449703,18.834081,101.198679,1866.325504
52.599998,93.351898,27,79,80,106,1185,176.799133,449,7.483333,1.962963,144,35.650224,30.941704,13074.60136,9964.605962,14.614365,29.22873,18.161435,99.147843,1788.14736
52.801514,93.255676,27,79,80,106,1189,177.033478,450,7.5,1.962963,144,35.650224,29.596413,13141.05119,9383.767531,14.639082,29.278163,18.161435,101.652684,1724.183425
52.803333,93.307503,27,79,80,106,1200,177.201996,451,7.516667,1.962963,144,35.650224,30.941704,13376.49393,9964.605962,14.725992,29.451984,18.161435,99.147843,1788.14736
52.743095,93.302094,27,79,80,106,1195,177.061905,452,7.533333,1.962963,144,35.650224,30.941704,13267.25806,9964.605962,14.685797,29.371594,18.161435,99.147843,1788.14736
52.858814,93.254807,27,78,80,106,1197,177.252182,453,7.55,1.892857,144,35.650224,30.941704,13280.16558,10579.06769,14.690558,29.381116,18.834081,101.198679,1866.325504
52.803196,93.295204,27,78,80,106,1189,177.009583,454,7.566667,1.892857,144,35.650224,30.941704,13089.42111,10579.06769,14.619885,29.239769,18.834081,101.198679,1866.325504
52.724514,93.360573,27,78,80,106,1187,176.905106,455,7.583333,1.892857,144,35.650224,30.941704,13123.84116,10579.06769,14.632688,29.265376,18.834081,101.198679,1866.325504
52.762543,93.274246,27,78,80,106,1196,177.160385,456,7.6,1.892857,144,35.650224,30.269058,13249.33095,10274.54581,14.679179,29.358359,18.834081,102.431272,1833.988181
52.713562,93.348778,27,79,80,106,1187,177.249817,457,7.616667,1.962963,144,35.650224,30.941704,13138.18285,9964.605962,14.638016,29.276033,18.161435,99.147843,1788.14736
52.824898,93.183403,26,78,80,106,1205,177.349472,458,7.633333,1.928571,144,36.32287,30.941704,13386.29408,10579.06769,14.729587,29.459175,18.834081,101.198679,1866.325504
52.740959,93.360809,27,78,80,106,1189,177.148315,459,7.65,1.892857,144,35.650224,30.941704,13196.02767,10579.06769,14.659468,29.318936,18.834081,101.198679,1866.325504
52.841404,93.161934,27,78,80,106,1198,177.422791,460,7.666667,1.892857,144,35.650224,30.269058,13163.28081,10274.54581,14.647332,29.294663,18.834081,102.431272,1833.988181
52.668884,93.245422,27,78,80,106,1202,177.138626,461,7.683333,1.892857,144,35.650224,30.941704,13374.5817,10579.06769,14.72529,29.450581,18.834081,101.198679,1866.325504
52.816513,93.290245,27,78,80,106,1199,177.154388,462,7.7,1.892857,144,35.650224,30.941704,13324.14676,10579.06769,14.706758,29.413515,18.834081,101.198679,1866.325504
52.877621,93.134117,27,78,80,106,1193,176.093918,463,7.716667,1.892857,144,35.650224,29.596413,13084.64054,9976.716722,14.618105,29.236209,18.834081,103.685547,1802.361568
52.810127,93.286079,27,78,80,106,1185,176.746933,464,7.733333,1.892857,144,35.650224,30.269058,13041.13742,10274.54581,14.601886,29.203772,18.834081,102.431272,1833.988181
52.842411,93.174095,27,78,81,106,1212,176.806564,465,7.75,1.928571,144,35.650224,32.286996,13430.03624,11208.18981,14.745614,29.491228,18.834081,98.797411,1933.132281
52.694931,93.275146,27,78,80,106,1203,177.305237,466,7.766667,1.892857,144,35.650224,30.941704,13412.10912,10579.06769,14.73905,29.4781,18.834081,101.198679,1866.325504
52.775356,93.357918,27,79,80,106,1193,176.921234,467,7.783333,1.962963,144,35.650224,30.941704,13272.51668,9964.605962,14.687737,29.375474,18.161435,99.147843,1788.14736
52.871262,93.182724,27,78,80,106,1204,177.213486,468,7.8,1.892857,144,35.650224,30.941704,13355.93751,10579.06769,14.718445,29.43689,18.834081,101.198679,1866.325504
52.734505,93.314911,27,79,80,106,1194,176.992172,469,7.816667,1.962963,144,35.650224,30.941704,13256.97985,9964.605962,14.682004,29.364007,18.161435,99.147843,1788.14736
52.834854,93.232368,26,78,80,106,1205,177.458755,470,7.833333,1.928571,144,36.32287,30.941704,13432.18749,10579.06769,14.746401,29.492802,18.834081,101.198679,1866.325504
52.897736,93.307625,27,78,80,106,1193,177.546204,471,7.85,1.892857,144,35.650224,30.941704,13215.14992,10579.06769,14.666545,29.333091,18.834081,101.198679,1866.325504
52.843304,93.355515,27,78,80,106,1187,177.396255,472,7.866667,1.892857,144,35.650224,30.941704,13101.85057,10579.06769,14.624511,29.249021,18.834081,101.198679,1866.325504
52.983265,93.154808,27,78,80,106,1195,176.484283,473,7.883333,1.892857,144,35.650224,29.596413,13165.43206,9976.716722,14.648129,29.296259,18.834081,103.685547,1802.361568
52.797127,93.415894,27,78,80,106,1183,177.01889,474,7.9,1.892857,144,35.650224,30.941704,13071.25497,10579.06769,14.613118,29.226236,18.834081,101.198679,1866.325504
52.727806,93.31826,27,79,80,106,1194,176.887772,475,7.916667,1.962963,144,35.650224,30.941704,13268.4532,9964.605962,14.686238,29.372476,18.161435,99.147843,1788.14736
52.755001,93.267502,27,78,80,106,1200,177.190964,476,7.933333,1.892857,144,35.650224,30.941704,13321.51745,10579.06769,14.70579,29.41158,18.834081,101.198679,1866.325504
52.801506,93.290619,27,79,80,106,1194,176.896179,477,7.95,1.962963,144,35.650224,30.941704,13237.37954,9964.605962,14.674764,29.349529,18.161435,99.147843,1788.14736
52.954205,93.293091,27,78,80,106,1201,177.626846,478,7.966667,1.892857,144,35.650224,30.941704,13357.13265,10579.06769,14.718884,29.437768,18.834081,101.198679,1866.325504
52.85038,93.434486,27,79,80,106,1183,177.169464,479,7.983333,1.962963,144,35.650224,30.941704,13109.97753,9964.605962,14.627534,29.255068,18.161435,99.147843,1788.14736
52.822796,93.237938,27,78,80,106,1202,177.365982,480,8,1.892857,144,35.650224,30.941704,13366.45474,10579.06769,14.722307,29.444614,18.834081,101.198679,1866.325504
52.724541,93.244576,27,78,80,106,1198,177.132034,481,8.016667,1.892857,144,35.650224,30.941704,13266.54097,10579.06769,14.685532,29.371065,18.834081,101.198679,1866.325504
52.669739,93.265717,27,78,80,106,1193,177.275116,482,8.033333,1.892857,144,35.650224,30.941704,13203.19851,10579.06769,14.662123,29.324245,18.834081,101.198679,1866.325504
52.750416,93.23632,27,78,80,106,1206,176.991028,483,8.05,1.892857,144,35.650224,30.941704,13438.64125,10579.06769,14.748763,29.497525,18.834081,101.198679,1866.325504
52.882355,93.35714,27,79,80,106,1190,177.310425,484,8.066667,1.962963,144,35.650224,30.941704,13202.95948,9964.605962,14.662034,29.324068,18.161435,99.147843,1788.14736
52.814629,93.214462,27,78,80,106,1203,177.528183,485,8.083333,1.892857,144,35.650224,30.941704,13335.62011,10579.06769,14.710978,29.421955,18.834081,101.198679,1866.325504
52.825291,93.262894,27,78,80,106,1202,177.113007,486,8.1,1.892857,144,35.650224,30.941704,13359.76196,10579.06769,14.71985,29.439699,18.834081,101.198679,1866.325504
52.714645,93.303764,27,78,80,106,1195,177.230423,487,8.116667,1.892857,144,35.650224,30.941704,13256.74082,10579.06769,14.681915,29.363831,18.834081,101.198679,1866.325504
52.783875,93.231087,27,78,80,106,1203,177.166962,488,8.133333,1.892857,144,35.650224,30.941704,13407.80662,10579.06769,14.737474,29.474947,18.834081,101.198679,1866.325504
52.578323,93.397118,27,79,80,106,1181,176.873672,489,8.15,1.962963,144,35.650224,30.269058,13057.39133,9670.959866,14.60795,29.2159,18.161435,100.388858,1755.810037
52.743187,93.163498,27,78,80,106,1211,177.296677,490,8.166667,1.892857,144,35.650224,30.941704,13458.95864,10579.06769,14.756192,29.512383,18.834081,101.198679,1866.325504
52.704544,93.371216,27,78,80,106,1188,176.892685,491,8.183333,1.892857,144,35.650224,30.941704,13164.71498,10579.06769,14.647863,29.295727,18.834081,101.198679,1866.325504
52.812344,93.27356,27,78,80,106,1199,177.290466,492,8.2,1.892857,144,35.650224,30.941704,13320.32231,10579.06769,14.70535,29.410701,18.834081,101.198679,1866.325504
52.834579,93.233582,27,78,80,106,1203,177.330612,493,8.216667,1.892857,144,35.650224,30.941704,13350.43986,10579.06769,14.716425,29.43285,18.834081,101.198679,1866.325504
52.647011,93.376579,27,79,80,106,1187,176.633575,494,8.233333,1.962963,144,35.650224,30.941704,13151.56843,9964.605962,14.642986,29.285972,18.161435,99.147843,1788.14736
52.794189,93.227386,27,78,80,106,1205,177.108414,495,8.25,1.892857,144,35.650224,30.941704,13400.15772,10579.06769,14.734671,29.469341,18.834081,101.198679,1866.325504
52.807209,93.301758,27,78,80,106,1193,177.671463,496,8.266667,1.892857,144,35.650224,30.269058,13220.88659,10274.54581,14.668667,29.337334,18.834081,102.431272,1833.988181
52.798172,93.186043,27,78,80,106,1204,177.265488,497,8.283333,1.892857,144,35.650224,30.941704,13277.53627,10579.06769,14.689588,29.379177,18.834081,101.198679,1866.325504
52.817276,93.227577,27,78,80,106,1204,177.214844,498,8.3,1.892857,144,35.650224,30.941704,13376.97198,10579.06769,14.726168,29.452335,18.834081,101.198679,1866.325504
52.696384,93.338097,27,79,80,106,1189,177.116196,499,8.316667,1.962963,144,35.650224,30.941704,13189.81293,9964.605962,14.657166,29.314332,18.161435,99.147843,1788.14736
52.87677,93.22731,27,78,80,106,1201,177.182419,500,8.333333,1.892857,144,35.650224,30.941704,13326.53704,10579.06769,14.707637,29.415274,18.834081,101.198679,1866.325504
52.876987,93.312973,27,78,80,106,1195,177.551361,501,8.35,1.892857,144,35.650224,30.941704,13260.56527,10579.06769,14.683327,29.366654,18.834081,101.198679,1866.325504
52.875103,93.175186,27,78,80,106,1193,176.43866,502,8.366667,1.892857,144,35.650224,29.596413,13153.48065,9976.716722,14.643696,29.287391,18.834081,103.685547,1802.361568
52.789036,93.200165,27,78,80,106,1204,177.347061,503,8.383333,1.892857,144,35.650224,30.941704,13353.54722,10579.06769,14.717567,29.435133,18.834081,101.198679,1866.325504
52.66526,93.280777,27,79,80,106,1186,176.267654,504,8.4,1.962963,144,35.650224,30.269058,13086.31374,9670.959866,14.618728,29.237455,18.161435,100.388858,1755.810037
52.815243,93.165703,27,78,80,106,1207,177.280289,505,8.416667,1.892857,144,35.650224,30.941704,13325.58093,10579.06769,14.707285,29.41457,18.834081,101.198679,1866.325504
52.724895,93.396622,27,78,80,106,1185,176.698502,506,8.433333,1.892857,144,35.650224,30.941704,13078.42581,10579.06769,14.61579,29.23158,18.834081,101.198679,1866.325504
52.825542,93.293823,26,78,80,106,1198,177.481262,507,8.45,1.928571,144,36.32287,30.941704,13313.86855,10579.06769,14.702975,29.40595,18.834081,101.198679,1866.325504
52.820919,93.287033,27,79,80,106,1195,177.182678,508,8.466667,1.962963,144,35.650224,30.941704,13283.51197,9964.605962,14.691792,29.383584,18.161435,99.147843,1788.14736
52.868797,93.301094,27,78,80,106,1189,177.261307,509,8.483333,1.892857,144,35.650224,30.269058,13123.84116,10274.54581,14.632688,29.265376,18.834081,102.431272,1833.988181
52.73328,93.189926,27,78,80,106,1211,176.987991,510,8.5,1.892857,144,35.650224,30.941704,13498.15926,10579.06769,14.770504,29.541008,18.834081,101.198679,1866.325504
52.696564,93.360435,27,79,80,106,1193,176.545105,511,8.516667,1.962963,144,35.650224,30.941704,13248.13581,9964.605962,14.678738,29.357476,18.161435,99.147843,1788.14736
52.832214,93.284393,26,79,80,106,1192,177.413452,512,8.533333,2,144,36.32287,30.269058,13210.60838,9670.959866,14.664865,29.32973,18.161435,100.388858,1755.810037
52.898418,93.242294,27,78,80,106,1201,177.188995,513,8.55,1.892857,144,35.650224,30.941704,13344.70318,10579.06769,14.714317,29.428634,18.834081,101.198679,1866.325504
52.667789,93.328835,27,78,80,106,1186,176.56601,514,8.566667,1.892857,144,35.650224,30.941704,13082.48929,10579.06769,14.617303,29.234607,18.834081,101.198679,1866.325504
